supplier_id,fabric_id,period,max_supply_meters,committed_supply_meters,available_supply_meters
S001,FAB_001,W01,13647,8185,5462
S002,FAB_001,W01,16853,7048,9805
S004,FAB_001,W01,14939,6583,8356
S005,FAB_001,W01,23600,12041,11559
S006,FAB_001,W01,16494,5998,10496
S001,FAB_002,W01,12893,6652,6241
S002,FAB_002,W01,23426,14833,8593
S004,FAB_002,W01,22450,13706,8744
S003,FAB_002,W01,20042,7631,12411
S007,FAB_002,W01,12200,6371,5829
S001,FAB_003,W01,19690,9719,9971
S002,FAB_003,W01,17582,7126,10456
S004,FAB_003,W01,12841,5466,7375
S008,FAB_003,W01,19827,7618,12209
S003,FAB_003,W01,13070,6145,6925
S001,FAB_004,W01,13213,6911,6302
S002,FAB_004,W01,23246,8509,14737
S004,FAB_004,W01,14444,8570,5874
S006,FAB_004,W01,16978,6376,10602
S005,FAB_004,W01,16066,6194,9872
S001,FAB_005,W01,24524,11645,12879
S002,FAB_005,W01,21766,12781,8985
S004,FAB_005,W01,15697,9146,6551
S007,FAB_005,W01,18232,8845,9387
S003,FAB_005,W01,19253,8456,10797
S001,FAB_006,W01,21642,14002,7640
S002,FAB_006,W01,17003,8851,8152
S004,FAB_006,W01,12986,6920,6066
S007,FAB_006,W01,24125,9161,14964
S005,FAB_006,W01,24496,10100,14396
S001,FAB_007,W01,15457,6637,8820
S002,FAB_007,W01,13330,5293,8037
S004,FAB_007,W01,14847,7655,7192
S006,FAB_007,W01,14564,5109,9455
S007,FAB_007,W01,19381,10791,8590
S001,FAB_008,W01,19699,8615,11084
S002,FAB_008,W01,15792,6892,8900
S004,FAB_008,W01,16632,9328,7304
S006,FAB_008,W01,19438,7218,12220
S008,FAB_008,W01,15824,9924,5900
S001,FAB_009,W01,24907,14629,10278
S002,FAB_009,W01,21663,11879,9784
S004,FAB_009,W01,15241,7278,7963
S006,FAB_009,W01,20922,8733,12189
S008,FAB_009,W01,14441,8989,5452
S001,FAB_010,W01,14330,5322,9008
S002,FAB_010,W01,14718,8651,6067
S004,FAB_010,W01,21749,12498,9251
S007,FAB_010,W01,21325,13357,7968
S008,FAB_010,W01,19195,7434,11761
S001,FAB_011,W01,23283,10273,13010
S002,FAB_011,W01,18594,11766,6828
S004,FAB_011,W01,20199,10341,9858
S007,FAB_011,W01,19172,7172,12000
S008,FAB_011,W01,12653,7804,4849
S001,FAB_012,W01,24034,10735,13299
S002,FAB_012,W01,16102,5760,10342
S004,FAB_012,W01,15750,10057,5693
S006,FAB_012,W01,21424,11271,10153
S005,FAB_012,W01,12339,8018,4321
S001,FAB_013,W01,23014,13726,9288
S002,FAB_013,W01,21441,7763,13678
S004,FAB_013,W01,24390,9818,14572
S007,FAB_013,W01,20502,11182,9320
S008,FAB_013,W01,16557,6696,9861
S001,FAB_014,W01,21590,10379,11211
S002,FAB_014,W01,20056,12850,7206
S004,FAB_014,W01,19700,8951,10749
S003,FAB_014,W01,17460,7792,9668
S007,FAB_014,W01,13713,8328,5385
S001,FAB_015,W01,17403,8240,9163
S002,FAB_015,W01,20117,8780,11337
S004,FAB_015,W01,18561,11026,7535
S007,FAB_015,W01,21012,7585,13427
S008,FAB_015,W01,13442,5973,7469
S001,FAB_016,W01,17296,6655,10641
S002,FAB_016,W01,24657,11619,13038
S004,FAB_016,W01,20431,12207,8224
S005,FAB_016,W01,12018,6577,5441
S006,FAB_016,W01,20889,10206,10683
S001,FAB_017,W01,12888,5236,7652
S002,FAB_017,W01,17927,9623,8304
S004,FAB_017,W01,20167,10842,9325
S005,FAB_017,W01,24451,8936,15515
S003,FAB_017,W01,16375,8429,7946
S001,FAB_018,W01,16719,8049,8670
S002,FAB_018,W01,23440,11612,11828
S004,FAB_018,W01,12472,8006,4466
S007,FAB_018,W01,21975,12960,9015
S003,FAB_018,W01,23629,9392,14237
S001,FAB_019,W01,21024,7444,13580
S002,FAB_019,W01,18684,7061,11623
S004,FAB_019,W01,13858,6768,7090
S007,FAB_019,W01,13924,7579,6345
S006,FAB_019,W01,14522,7253,7269
S001,FAB_020,W01,23740,10387,13353
S002,FAB_020,W01,23557,10177,13380
S004,FAB_020,W01,19905,12820,7085
S005,FAB_020,W01,15993,7789,8204
S007,FAB_020,W01,14369,6682,7687
S001,FAB_021,W01,21820,10963,10857
S002,FAB_021,W01,14236,8672,5564
S004,FAB_021,W01,16526,9614,6912
S006,FAB_021,W01,18798,8495,10303
S003,FAB_021,W01,24905,12510,12395
S001,FAB_022,W01,12042,5236,6806
S002,FAB_022,W01,16891,10155,6736
S004,FAB_022,W01,21501,13968,7533
S005,FAB_022,W01,20022,12204,7818
S003,FAB_022,W01,19316,9881,9435
S001,FAB_023,W01,17654,7939,9715
S002,FAB_023,W01,24498,12568,11930
S004,FAB_023,W01,19460,12256,7204
S008,FAB_023,W01,15090,9721,5369
S003,FAB_023,W01,15912,8298,7614
S001,FAB_024,W01,15826,9603,6223
S002,FAB_024,W01,18730,6800,11930
S004,FAB_024,W01,24201,11904,12297
S003,FAB_024,W01,18246,8499,9747
S005,FAB_024,W01,22873,13442,9431
S001,FAB_025,W01,22682,14612,8070
S002,FAB_025,W01,20115,12862,7253
S004,FAB_025,W01,14068,7043,7025
S008,FAB_025,W01,21669,9742,11927
S006,FAB_025,W01,13644,8353,5291
S001,FAB_026,W01,19213,7299,11914
S002,FAB_026,W01,19486,6909,12577
S004,FAB_026,W01,14361,6792,7569
S005,FAB_026,W01,22727,14567,8160
S006,FAB_026,W01,13225,6491,6734
S001,FAB_027,W01,16342,7379,8963
S002,FAB_027,W01,23349,10956,12393
S004,FAB_027,W01,13315,8062,5253
S005,FAB_027,W01,23048,14008,9040
S007,FAB_027,W01,18226,11596,6630
S001,FAB_028,W01,22269,12595,9674
S002,FAB_028,W01,24442,12132,12310
S004,FAB_028,W01,20864,7527,13337
S006,FAB_028,W01,13121,5516,7605
S008,FAB_028,W01,23213,14537,8676
S001,FAB_029,W01,15727,9027,6700
S002,FAB_029,W01,19110,12297,6813
S004,FAB_029,W01,24457,13209,11248
S003,FAB_029,W01,13646,6592,7054
S006,FAB_029,W01,23370,10279,13091
S001,FAB_030,W01,12474,4538,7936
S002,FAB_030,W01,12919,5658,7261
S004,FAB_030,W01,18141,8693,9448
S006,FAB_030,W01,16000,8149,7851
S008,FAB_030,W01,21272,11796,9476
S001,FAB_001,W02,14950,5994,8956
S002,FAB_001,W02,13293,7083,6210
S004,FAB_001,W02,18267,9789,8478
S005,FAB_001,W02,15945,7961,7984
S006,FAB_001,W02,21554,8469,13085
S001,FAB_002,W02,19555,10586,8969
S002,FAB_002,W02,19529,8331,11198
S004,FAB_002,W02,12153,7530,4623
S003,FAB_002,W02,19622,12172,7450
S007,FAB_002,W02,23101,11873,11228
S001,FAB_003,W02,13210,6374,6836
S002,FAB_003,W02,17661,11414,6247
S004,FAB_003,W02,16901,9154,7747
S008,FAB_003,W02,18951,10557,8394
S003,FAB_003,W02,19484,11760,7724
S001,FAB_004,W02,15263,9918,5345
S002,FAB_004,W02,19916,7607,12309
S004,FAB_004,W02,18248,9517,8731
S006,FAB_004,W02,21417,9396,12021
S005,FAB_004,W02,23456,10287,13169
S001,FAB_005,W02,22784,10679,12105
S002,FAB_005,W02,12132,6305,5827
S004,FAB_005,W02,23236,13558,9678
S007,FAB_005,W02,12803,7978,4825
S003,FAB_005,W02,24208,12080,12128
S001,FAB_006,W02,16689,9725,6964
S002,FAB_006,W02,15770,8391,7379
S004,FAB_006,W02,17772,7387,10385
S007,FAB_006,W02,15115,8105,7010
S005,FAB_006,W02,23104,13323,9781
S001,FAB_007,W02,24574,13460,11114
S002,FAB_007,W02,14240,7667,6573
S004,FAB_007,W02,22280,12118,10162
S006,FAB_007,W02,17061,10007,7054
S007,FAB_007,W02,12546,6572,5974
S001,FAB_008,W02,23998,9345,14653
S002,FAB_008,W02,16835,7542,9293
S004,FAB_008,W02,18807,7573,11234
S006,FAB_008,W02,14165,8300,5865
S008,FAB_008,W02,17994,9163,8831
S001,FAB_009,W02,16465,9864,6601
S002,FAB_009,W02,16210,10118,6092
S004,FAB_009,W02,19894,12736,7158
S006,FAB_009,W02,16835,9662,7173
S008,FAB_009,W02,17549,10376,7173
S001,FAB_010,W02,19673,12568,7105
S002,FAB_010,W02,14306,8243,6063
S004,FAB_010,W02,15696,9543,6153
S007,FAB_010,W02,23865,13181,10684
S008,FAB_010,W02,18511,11850,6661
S001,FAB_011,W02,21131,9714,11417
S002,FAB_011,W02,24954,11687,13267
S004,FAB_011,W02,16332,8345,7987
S007,FAB_011,W02,19451,8958,10493
S008,FAB_011,W02,24271,13390,10881
S001,FAB_012,W02,21577,10018,11559
S002,FAB_012,W02,22461,14197,8264
S004,FAB_012,W02,13775,7610,6165
S006,FAB_012,W02,19724,7051,12673
S005,FAB_012,W02,21198,9505,11693
S001,FAB_013,W02,21995,9158,12837
S002,FAB_013,W02,13035,7046,5989
S004,FAB_013,W02,19606,12210,7396
S007,FAB_013,W02,16951,9234,7717
S008,FAB_013,W02,13911,5452,8459
S001,FAB_014,W02,12609,5564,7045
S002,FAB_014,W02,20071,7724,12347
S004,FAB_014,W02,15846,9763,6083
S003,FAB_014,W02,14222,6635,7587
S007,FAB_014,W02,18078,9963,8115
S001,FAB_015,W02,24175,13512,10663
S002,FAB_015,W02,20850,9919,10931
S004,FAB_015,W02,24161,13722,10439
S007,FAB_015,W02,18797,10272,8525
S008,FAB_015,W02,20017,10703,9314
S001,FAB_016,W02,16583,5966,10617
S002,FAB_016,W02,18070,7502,10568
S004,FAB_016,W02,19285,12249,7036
S005,FAB_016,W02,17942,6814,11128
S006,FAB_016,W02,23234,10692,12542
S001,FAB_017,W02,22564,10325,12239
S002,FAB_017,W02,18523,8016,10507
S004,FAB_017,W02,14001,8886,5115
S005,FAB_017,W02,19450,7342,12108
S003,FAB_017,W02,15475,8395,7080
S001,FAB_018,W02,21783,13970,7813
S002,FAB_018,W02,12828,7517,5311
S004,FAB_018,W02,15990,10339,5651
S007,FAB_018,W02,24893,12928,11965
S003,FAB_018,W02,13124,7860,5264
S001,FAB_019,W02,21080,8688,12392
S002,FAB_019,W02,15538,9228,6310
S004,FAB_019,W02,15817,7094,8723
S007,FAB_019,W02,14417,8456,5961
S006,FAB_019,W02,21764,7635,14129
S001,FAB_020,W02,14370,9286,5084
S002,FAB_020,W02,20850,8865,11985
S004,FAB_020,W02,14858,5690,9168
S005,FAB_020,W02,12422,4838,7584
S007,FAB_020,W02,17869,10489,7380
S001,FAB_021,W02,15898,8372,7526
S002,FAB_021,W02,12258,4931,7327
S004,FAB_021,W02,12858,4989,7869
S006,FAB_021,W02,18897,9596,9301
S003,FAB_021,W02,24216,8937,15279
S001,FAB_022,W02,19344,11285,8059
S002,FAB_022,W02,20408,10777,9631
S004,FAB_022,W02,19405,9724,9681
S005,FAB_022,W02,22077,8014,14063
S003,FAB_022,W02,24832,15461,9371
S001,FAB_023,W02,22795,11544,11251
S002,FAB_023,W02,19504,10590,8914
S004,FAB_023,W02,12510,4606,7904
S008,FAB_023,W02,19847,11991,7856
S003,FAB_023,W02,18984,10551,8433
S001,FAB_024,W02,20032,11292,8740
S002,FAB_024,W02,19267,7168,12099
S004,FAB_024,W02,13323,5950,7373
S003,FAB_024,W02,14430,5334,9096
S005,FAB_024,W02,16505,8868,7637
S001,FAB_025,W02,21590,11108,10482
S002,FAB_025,W02,17327,8044,9283
S004,FAB_025,W02,21787,11093,10694
S008,FAB_025,W02,19433,9748,9685
S006,FAB_025,W02,19048,7233,11815
S001,FAB_026,W02,23497,9030,14467
S002,FAB_026,W02,22726,12391,10335
S004,FAB_026,W02,24598,12677,11921
S005,FAB_026,W02,15522,7435,8087
S006,FAB_026,W02,15743,7464,8279
S001,FAB_027,W02,19430,9124,10306
S002,FAB_027,W02,23953,9066,14887
S004,FAB_027,W02,18992,8427,10565
S005,FAB_027,W02,16176,7478,8698
S007,FAB_027,W02,14500,8062,6438
S001,FAB_028,W02,19770,7317,12453
S002,FAB_028,W02,13398,5064,8334
S004,FAB_028,W02,13582,7787,5795
S006,FAB_028,W02,18105,10745,7360
S008,FAB_028,W02,21115,7770,13345
S001,FAB_029,W02,21201,10992,10209
S002,FAB_029,W02,22977,8884,14093
S004,FAB_029,W02,17793,10890,6903
S003,FAB_029,W02,24292,11584,12708
S006,FAB_029,W02,23813,8702,15111
S001,FAB_030,W02,16712,8859,7853
S002,FAB_030,W02,17761,6768,10993
S004,FAB_030,W02,20313,8405,11908
S006,FAB_030,W02,22759,11257,11502
S008,FAB_030,W02,13773,6267,7506
S001,FAB_001,W03,21113,9717,11396
S002,FAB_001,W03,24494,10619,13875
S004,FAB_001,W03,15705,9299,6406
S005,FAB_001,W03,21190,13611,7579
S006,FAB_001,W03,22186,11848,10338
S001,FAB_002,W03,22529,11647,10882
S002,FAB_002,W03,21977,13817,8160
S004,FAB_002,W03,23361,10050,13311
S003,FAB_002,W03,14955,6460,8495
S007,FAB_002,W03,24491,10842,13649
S001,FAB_003,W03,17567,7998,9569
S002,FAB_003,W03,14972,9147,5825
S004,FAB_003,W03,21278,11643,9635
S008,FAB_003,W03,13140,5158,7982
S003,FAB_003,W03,22373,14353,8020
S001,FAB_004,W03,13503,7748,5755
S002,FAB_004,W03,15524,7185,8339
S004,FAB_004,W03,19432,8788,10644
S006,FAB_004,W03,18062,8010,10052
S005,FAB_004,W03,17314,10094,7220
S001,FAB_005,W03,21299,11264,10035
S002,FAB_005,W03,12861,5101,7760
S004,FAB_005,W03,24360,13041,11319
S007,FAB_005,W03,23042,8628,14414
S003,FAB_005,W03,19259,10565,8694
S001,FAB_006,W03,19957,10619,9338
S002,FAB_006,W03,18785,8114,10671
S004,FAB_006,W03,24368,12274,12094
S007,FAB_006,W03,17655,8456,9199
S005,FAB_006,W03,16640,9209,7431
S001,FAB_007,W03,21717,10771,10946
S002,FAB_007,W03,22930,10147,12783
S004,FAB_007,W03,15612,7315,8297
S006,FAB_007,W03,21819,7995,13824
S007,FAB_007,W03,15349,6760,8589
S001,FAB_008,W03,15460,8969,6491
S002,FAB_008,W03,24520,10461,14059
S004,FAB_008,W03,17375,6706,10669
S006,FAB_008,W03,20149,11567,8582
S008,FAB_008,W03,14878,5783,9095
S001,FAB_009,W03,20725,11628,9097
S002,FAB_009,W03,20196,10453,9743
S004,FAB_009,W03,22945,13580,9365
S006,FAB_009,W03,13180,6183,6997
S008,FAB_009,W03,24157,8761,15396
S001,FAB_010,W03,12307,6004,6303
S002,FAB_010,W03,13275,8079,5196
S004,FAB_010,W03,21433,10261,11172
S007,FAB_010,W03,18626,10483,8143
S008,FAB_010,W03,18843,8231,10612
S001,FAB_011,W03,18636,6639,11997
S002,FAB_011,W03,17321,6955,10366
S004,FAB_011,W03,22127,10798,11329
S007,FAB_011,W03,23298,14582,8716
S008,FAB_011,W03,13443,6466,6977
S001,FAB_012,W03,13734,5809,7925
S002,FAB_012,W03,21648,10177,11471
S004,FAB_012,W03,13288,6228,7060
S006,FAB_012,W03,17083,9801,7282
S005,FAB_012,W03,15630,7032,8598
S001,FAB_013,W03,14754,5501,9253
S002,FAB_013,W03,22374,8596,13778
S004,FAB_013,W03,20355,8308,12047
S007,FAB_013,W03,24717,11241,13476
S008,FAB_013,W03,23917,15246,8671
S001,FAB_014,W03,22574,13420,9154
S002,FAB_014,W03,15871,6044,9827
S004,FAB_014,W03,16193,6625,9568
S003,FAB_014,W03,21869,8657,13212
S007,FAB_014,W03,24437,13358,11079
S001,FAB_015,W03,14902,9468,5434
S002,FAB_015,W03,22288,11104,11184
S004,FAB_015,W03,24360,12645,11715
S007,FAB_015,W03,21494,10417,11077
S008,FAB_015,W03,21248,11535,9713
S001,FAB_016,W03,22232,9936,12296
S002,FAB_016,W03,22276,9909,12367
S004,FAB_016,W03,19205,7115,12090
S005,FAB_016,W03,19245,10381,8864
S006,FAB_016,W03,16500,8702,7798
S001,FAB_017,W03,17766,8922,8844
S002,FAB_017,W03,17085,8346,8739
S004,FAB_017,W03,12616,4630,7986
S005,FAB_017,W03,16703,6230,10473
S003,FAB_017,W03,13479,7204,6275
S001,FAB_018,W03,20307,9449,10858
S002,FAB_018,W03,21508,11104,10404
S004,FAB_018,W03,24973,14276,10697
S007,FAB_018,W03,12672,6144,6528
S003,FAB_018,W03,21366,11656,9710
S001,FAB_019,W03,17267,9177,8090
S002,FAB_019,W03,20214,7989,12225
S004,FAB_019,W03,13013,6313,6700
S007,FAB_019,W03,17626,11363,6263
S006,FAB_019,W03,13381,6708,6673
S001,FAB_020,W03,14827,5363,9464
S002,FAB_020,W03,23593,11355,12238
S004,FAB_020,W03,19199,9738,9461
S005,FAB_020,W03,21991,8744,13247
S007,FAB_020,W03,18108,11324,6784
S001,FAB_021,W03,18347,8671,9676
S002,FAB_021,W03,17543,9713,7830
S004,FAB_021,W03,12857,7544,5313
S006,FAB_021,W03,22605,10181,12424
S003,FAB_021,W03,17401,6583,10818
S001,FAB_022,W03,23114,10770,12344
S002,FAB_022,W03,16128,9146,6982
S004,FAB_022,W03,22757,14549,8208
S005,FAB_022,W03,21874,13386,8488
S003,FAB_022,W03,17461,6538,10923
S001,FAB_023,W03,22872,8975,13897
S002,FAB_023,W03,17731,7856,9875
S004,FAB_023,W03,22748,12728,10020
S008,FAB_023,W03,18421,7159,11262
S003,FAB_023,W03,23613,14909,8704
S001,FAB_024,W03,17072,8837,8235
S002,FAB_024,W03,22542,13243,9299
S004,FAB_024,W03,14093,7765,6328
S003,FAB_024,W03,24104,15647,8457
S005,FAB_024,W03,20624,7796,12828
S001,FAB_025,W03,22984,10963,12021
S002,FAB_025,W03,17928,6372,11556
S004,FAB_025,W03,17060,6893,10167
S008,FAB_025,W03,15509,7018,8491
S006,FAB_025,W03,24552,12174,12378
S001,FAB_026,W03,15711,10212,5499
S002,FAB_026,W03,14538,5424,9114
S004,FAB_026,W03,24912,9475,15437
S005,FAB_026,W03,24630,12608,12022
S006,FAB_026,W03,24101,14824,9277
S001,FAB_027,W03,12618,6921,5697
S002,FAB_027,W03,24555,13146,11409
S004,FAB_027,W03,21785,10086,11699
S005,FAB_027,W03,14658,5925,8733
S007,FAB_027,W03,23351,13574,9777
S001,FAB_028,W03,14712,8332,6380
S002,FAB_028,W03,12715,6017,6698
S004,FAB_028,W03,23081,13060,10021
S006,FAB_028,W03,19277,10278,8999
S008,FAB_028,W03,24327,13977,10350
S001,FAB_029,W03,19355,8132,11223
S002,FAB_029,W03,15918,7049,8869
S004,FAB_029,W03,24851,12194,12657
S003,FAB_029,W03,15178,6987,8191
S006,FAB_029,W03,21345,13774,7571
S001,FAB_030,W03,19564,11363,8201
S002,FAB_030,W03,24748,11496,13252
S004,FAB_030,W03,20641,9816,10825
S006,FAB_030,W03,14655,8720,5935
S008,FAB_030,W03,21906,8576,13330
S001,FAB_001,W04,16096,5885,10211
S002,FAB_001,W04,19873,12166,7707
S004,FAB_001,W04,21085,13289,7796
S005,FAB_001,W04,23655,14282,9373
S006,FAB_001,W04,14042,6115,7927
S001,FAB_002,W04,24502,9754,14748
S002,FAB_002,W04,19361,12034,7327
S004,FAB_002,W04,14414,8638,5776
S003,FAB_002,W04,13502,8559,4943
S007,FAB_002,W04,15637,9304,6333
S001,FAB_003,W04,17727,11152,6575
S002,FAB_003,W04,18797,6879,11918
S004,FAB_003,W04,20224,9347,10877
S008,FAB_003,W04,18326,11881,6445
S003,FAB_003,W04,18142,7571,10571
S001,FAB_004,W04,17221,10836,6385
S002,FAB_004,W04,23709,12921,10788
S004,FAB_004,W04,24965,9831,15134
S006,FAB_004,W04,12627,5506,7121
S005,FAB_004,W04,19740,11031,8709
S001,FAB_005,W04,14273,8244,6029
S002,FAB_005,W04,19685,9538,10147
S004,FAB_005,W04,12086,7514,4572
S007,FAB_005,W04,12311,5254,7057
S003,FAB_005,W04,14449,7436,7013
S001,FAB_006,W04,23915,12738,11177
S002,FAB_006,W04,18934,7258,11676
S004,FAB_006,W04,16720,7044,9676
S007,FAB_006,W04,13996,5099,8897
S005,FAB_006,W04,18878,10225,8653
S001,FAB_007,W04,22204,10816,11388
S002,FAB_007,W04,13816,8303,5513
S004,FAB_007,W04,20189,10680,9509
S006,FAB_007,W04,12269,6620,5649
S007,FAB_007,W04,21421,9052,12369
S001,FAB_008,W04,14352,6277,8075
S002,FAB_008,W04,12025,6426,5599
S004,FAB_008,W04,15941,8308,7633
S006,FAB_008,W04,15068,8277,6791
S008,FAB_008,W04,13402,6795,6607
S001,FAB_009,W04,17908,6631,11277
S002,FAB_009,W04,20618,10581,10037
S004,FAB_009,W04,24884,16087,8797
S006,FAB_009,W04,21079,7506,13573
S008,FAB_009,W04,19702,7153,12549
S001,FAB_010,W04,18338,11815,6523
S002,FAB_010,W04,16155,9276,6879
S004,FAB_010,W04,17850,10470,7380
S007,FAB_010,W04,17649,7453,10196
S008,FAB_010,W04,22765,12258,10507
S001,FAB_011,W04,24640,12925,11715
S002,FAB_011,W04,24397,10972,13425
S004,FAB_011,W04,12726,5799,6927
S007,FAB_011,W04,17546,10423,7123
S008,FAB_011,W04,14868,8907,5961
S001,FAB_012,W04,23217,11362,11855
S002,FAB_012,W04,23393,11545,11848
S004,FAB_012,W04,14986,8893,6093
S006,FAB_012,W04,13033,7361,5672
S005,FAB_012,W04,19498,7040,12458
S001,FAB_013,W04,15302,5556,9746
S002,FAB_013,W04,15268,9401,5867
S004,FAB_013,W04,17170,10817,6353
S007,FAB_013,W04,20444,9597,10847
S008,FAB_013,W04,20897,10281,10616
S001,FAB_014,W04,12599,7256,5343
S002,FAB_014,W04,15131,6594,8537
S004,FAB_014,W04,24793,9033,15760
S003,FAB_014,W04,22743,10224,12519
S007,FAB_014,W04,14039,8280,5759
S001,FAB_015,W04,19159,11818,7341
S002,FAB_015,W04,24178,11651,12527
S004,FAB_015,W04,18334,8281,10053
S007,FAB_015,W04,15060,7512,7548
S008,FAB_015,W04,20151,9273,10878
S001,FAB_016,W04,20507,8818,11689
S002,FAB_016,W04,13353,7586,5767
S004,FAB_016,W04,13293,6369,6924
S005,FAB_016,W04,14956,7682,7274
S006,FAB_016,W04,17262,6573,10689
S001,FAB_017,W04,17372,9524,7848
S002,FAB_017,W04,17021,8234,8787
S004,FAB_017,W04,23758,11352,12406
S005,FAB_017,W04,23301,11258,12043
S003,FAB_017,W04,19325,7009,12316
S001,FAB_018,W04,17776,9500,8276
S002,FAB_018,W04,19126,8269,10857
S004,FAB_018,W04,24967,15838,9129
S007,FAB_018,W04,13229,7293,5936
S003,FAB_018,W04,18655,8562,10093
S001,FAB_019,W04,24286,13450,10836
S002,FAB_019,W04,12510,4914,7596
S004,FAB_019,W04,21954,12149,9805
S007,FAB_019,W04,19179,6912,12267
S006,FAB_019,W04,13101,5512,7589
S001,FAB_020,W04,22570,10379,12191
S002,FAB_020,W04,18272,11599,6673
S004,FAB_020,W04,12530,6660,5870
S005,FAB_020,W04,23125,11215,11910
S007,FAB_020,W04,18077,8344,9733
S001,FAB_021,W04,24502,9140,15362
S002,FAB_021,W04,14255,7253,7002
S004,FAB_021,W04,18521,8229,10292
S006,FAB_021,W04,16566,7038,9528
S003,FAB_021,W04,13858,4958,8900
S001,FAB_022,W04,15048,7519,7529
S002,FAB_022,W04,18340,11445,6895
S004,FAB_022,W04,13929,5969,7960
S005,FAB_022,W04,16264,9127,7137
S003,FAB_022,W04,15515,10067,5448
S001,FAB_023,W04,16678,9309,7369
S002,FAB_023,W04,20047,8220,11827
S004,FAB_023,W04,14223,8616,5607
S008,FAB_023,W04,19406,7797,11609
S003,FAB_023,W04,23687,11453,12234
S001,FAB_024,W04,13438,7970,5468
S002,FAB_024,W04,17236,9485,7751
S004,FAB_024,W04,23625,8729,14896
S003,FAB_024,W04,20882,9127,11755
S005,FAB_024,W04,16914,10239,6675
S001,FAB_025,W04,23662,13318,10344
S002,FAB_025,W04,23472,12705,10767
S004,FAB_025,W04,17922,9008,8914
S008,FAB_025,W04,13988,9029,4959
S006,FAB_025,W04,24977,9782,15195
S001,FAB_026,W04,24949,12429,12520
S002,FAB_026,W04,17912,9246,8666
S004,FAB_026,W04,18044,8845,9199
S005,FAB_026,W04,21038,8182,12856
S006,FAB_026,W04,13412,4958,8454
S001,FAB_027,W04,18523,12037,6486
S002,FAB_027,W04,23777,11736,12041
S004,FAB_027,W04,18730,10877,7853
S005,FAB_027,W04,21419,7970,13449
S007,FAB_027,W04,17194,9331,7863
S001,FAB_028,W04,19372,9487,9885
S002,FAB_028,W04,20476,9282,11194
S004,FAB_028,W04,24783,12772,12011
S006,FAB_028,W04,21630,8751,12879
S008,FAB_028,W04,14114,6771,7343
S001,FAB_029,W04,12907,7736,5171
S002,FAB_029,W04,20488,8111,12377
S004,FAB_029,W04,14697,5858,8839
S003,FAB_029,W04,23621,9865,13756
S006,FAB_029,W04,20501,12679,7822
S001,FAB_030,W04,13292,5651,7641
S002,FAB_030,W04,22404,14269,8135
S004,FAB_030,W04,16496,6393,10103
S006,FAB_030,W04,16961,9062,7899
S008,FAB_030,W04,13530,6775,6755
S001,FAB_001,W05,14762,7787,6975
S002,FAB_001,W05,21513,8524,12989
S004,FAB_001,W05,22792,12247,10545
S005,FAB_001,W05,21914,9889,12025
S006,FAB_001,W05,21234,7694,13540
S001,FAB_002,W05,12464,4666,7798
S002,FAB_002,W05,22509,13084,9425
S004,FAB_002,W05,16336,8908,7428
S003,FAB_002,W05,24565,12814,11751
S007,FAB_002,W05,22127,11986,10141
S001,FAB_003,W05,20159,12432,7727
S002,FAB_003,W05,20938,9147,11791
S004,FAB_003,W05,16949,8387,8562
S008,FAB_003,W05,23222,10956,12266
S003,FAB_003,W05,19430,7225,12205
S001,FAB_004,W05,12981,5158,7823
S002,FAB_004,W05,18809,9315,9494
S004,FAB_004,W05,15342,6935,8407
S006,FAB_004,W05,14353,6369,7984
S005,FAB_004,W05,23769,10596,13173
S001,FAB_005,W05,17658,11347,6311
S002,FAB_005,W05,14142,8176,5966
S004,FAB_005,W05,20437,10596,9841
S007,FAB_005,W05,17228,7279,9949
S003,FAB_005,W05,14007,6026,7981
S001,FAB_006,W05,16061,6300,9761
S002,FAB_006,W05,12829,5607,7222
S004,FAB_006,W05,18293,11144,7149
S007,FAB_006,W05,18850,8001,10849
S005,FAB_006,W05,14616,8682,5934
S001,FAB_007,W05,21464,12155,9309
S002,FAB_007,W05,15110,8747,6363
S004,FAB_007,W05,20163,13081,7082
S006,FAB_007,W05,19648,9816,9832
S007,FAB_007,W05,17055,8514,8541
S001,FAB_008,W05,13475,8537,4938
S002,FAB_008,W05,20281,9880,10401
S004,FAB_008,W05,15944,6609,9335
S006,FAB_008,W05,17781,6482,11299
S008,FAB_008,W05,16609,8279,8330
S001,FAB_009,W05,22719,12535,10184
S002,FAB_009,W05,16681,8524,8157
S004,FAB_009,W05,13761,6595,7166
S006,FAB_009,W05,16333,9281,7052
S008,FAB_009,W05,24515,11545,12970
S001,FAB_010,W05,12741,5990,6751
S002,FAB_010,W05,21343,11067,10276
S004,FAB_010,W05,17939,9255,8684
S007,FAB_010,W05,13204,6151,7053
S008,FAB_010,W05,19378,11226,8152
S001,FAB_011,W05,16582,9909,6673
S002,FAB_011,W05,22211,12307,9904
S004,FAB_011,W05,13946,5419,8527
S007,FAB_011,W05,13584,6359,7225
S008,FAB_011,W05,17555,9082,8473
S001,FAB_012,W05,17990,10371,7619
S002,FAB_012,W05,15261,8099,7162
S004,FAB_012,W05,18576,9288,9288
S006,FAB_012,W05,12742,4608,8134
S005,FAB_012,W05,23691,10658,13033
S001,FAB_013,W05,19761,9995,9766
S002,FAB_013,W05,14440,7680,6760
S004,FAB_013,W05,20446,8013,12433
S007,FAB_013,W05,22044,9821,12223
S008,FAB_013,W05,18438,11932,6506
S001,FAB_014,W05,24113,14534,9579
S002,FAB_014,W05,16000,8000,8000
S004,FAB_014,W05,20351,10372,9979
S003,FAB_014,W05,23611,12251,11360
S007,FAB_014,W05,19780,11763,8017
S001,FAB_015,W05,18035,8104,9931
S002,FAB_015,W05,13795,8883,4912
S004,FAB_015,W05,21563,9537,12026
S007,FAB_015,W05,23883,14607,9276
S008,FAB_015,W05,22309,7986,14323
S001,FAB_016,W05,19775,8496,11279
S002,FAB_016,W05,22741,13300,9441
S004,FAB_016,W05,24716,12939,11777
S005,FAB_016,W05,15728,8908,6820
S006,FAB_016,W05,21560,10653,10907
S001,FAB_017,W05,20589,11091,9498
S002,FAB_017,W05,22153,12901,9252
S004,FAB_017,W05,18229,7188,11041
S005,FAB_017,W05,23153,9785,13368
S003,FAB_017,W05,21380,13564,7816
S001,FAB_018,W05,13800,5619,8181
S002,FAB_018,W05,19225,8537,10688
S004,FAB_018,W05,14481,6862,7619
S007,FAB_018,W05,15340,7257,8083
S003,FAB_018,W05,24697,13174,11523
S001,FAB_019,W05,19726,12069,7657
S002,FAB_019,W05,24055,13668,10387
S004,FAB_019,W05,23563,9223,14340
S007,FAB_019,W05,15397,7979,7418
S006,FAB_019,W05,22849,11276,11573
S001,FAB_020,W05,18173,8071,10102
S002,FAB_020,W05,14837,7238,7599
S004,FAB_020,W05,20734,9386,11348
S005,FAB_020,W05,17804,9841,7963
S007,FAB_020,W05,23811,13196,10615
S001,FAB_021,W05,23359,10028,13331
S002,FAB_021,W05,19932,8125,11807
S004,FAB_021,W05,16038,6955,9083
S006,FAB_021,W05,16890,7050,9840
S003,FAB_021,W05,16876,9810,7066
S001,FAB_022,W05,23549,9706,13843
S002,FAB_022,W05,23550,11697,11853
S004,FAB_022,W05,19861,9029,10832
S005,FAB_022,W05,23823,10292,13531
S003,FAB_022,W05,13996,7306,6690
S001,FAB_023,W05,20899,9695,11204
S002,FAB_023,W05,18464,10995,7469
S004,FAB_023,W05,24665,14586,10079
S008,FAB_023,W05,16758,6076,10682
S003,FAB_023,W05,23700,8856,14844
S001,FAB_024,W05,19247,10524,8723
S002,FAB_024,W05,24244,11969,12275
S004,FAB_024,W05,15310,9161,6149
S003,FAB_024,W05,16442,10356,6086
S005,FAB_024,W05,23406,10099,13307
S001,FAB_025,W05,13789,7373,6416
S002,FAB_025,W05,21614,9116,12498
S004,FAB_025,W05,12831,7069,5762
S008,FAB_025,W05,20700,8646,12054
S006,FAB_025,W05,15814,5783,10031
S001,FAB_026,W05,18771,8429,10342
S002,FAB_026,W05,19739,7504,12235
S004,FAB_026,W05,24628,9635,14993
S005,FAB_026,W05,21016,13521,7495
S006,FAB_026,W05,14587,6886,7701
S001,FAB_027,W05,19793,9762,10031
S002,FAB_027,W05,15267,8805,6462
S004,FAB_027,W05,16706,7456,9250
S005,FAB_027,W05,22582,8304,14278
S007,FAB_027,W05,24594,9267,15327
S001,FAB_028,W05,21406,8983,12423
S002,FAB_028,W05,24102,13664,10438
S004,FAB_028,W05,12611,7868,4743
S006,FAB_028,W05,14868,7067,7801
S008,FAB_028,W05,14880,9377,5503
S001,FAB_029,W05,12595,8176,4419
S002,FAB_029,W05,18504,10850,7654
S004,FAB_029,W05,15052,9497,5555
S003,FAB_029,W05,16742,10263,6479
S006,FAB_029,W05,12151,5340,6811
S001,FAB_030,W05,21875,8360,13515
S002,FAB_030,W05,17489,7614,9875
S004,FAB_030,W05,22507,11545,10962
S006,FAB_030,W05,20092,12392,7700
S008,FAB_030,W05,14198,8594,5604
S001,FAB_001,W06,19668,8493,11175
S002,FAB_001,W06,13845,6219,7626
S004,FAB_001,W06,23978,11693,12285
S005,FAB_001,W06,16215,9170,7045
S006,FAB_001,W06,12230,6983,5247
S001,FAB_002,W06,24955,10942,14013
S002,FAB_002,W06,23049,13303,9746
S004,FAB_002,W06,14875,7932,6943
S003,FAB_002,W06,22464,13907,8557
S007,FAB_002,W06,19007,9590,9417
S001,FAB_003,W06,13421,6311,7110
S002,FAB_003,W06,13562,5498,8064
S004,FAB_003,W06,14303,7054,7249
S008,FAB_003,W06,16064,5655,10409
S003,FAB_003,W06,18284,7691,10593
S001,FAB_004,W06,24349,10472,13877
S002,FAB_004,W06,17400,7666,9734
S004,FAB_004,W06,23843,12442,11401
S006,FAB_004,W06,16285,8893,7392
S005,FAB_004,W06,23350,9827,13523
S001,FAB_005,W06,22941,8843,14098
S002,FAB_005,W06,17026,6774,10252
S004,FAB_005,W06,23240,11637,11603
S007,FAB_005,W06,23527,13668,9859
S003,FAB_005,W06,23309,8979,14330
S001,FAB_006,W06,16833,7747,9086
S002,FAB_006,W06,15618,6493,9125
S004,FAB_006,W06,14188,7001,7187
S007,FAB_006,W06,19454,11172,8282
S005,FAB_006,W06,21924,10130,11794
S001,FAB_007,W06,23500,12097,11403
S002,FAB_007,W06,19714,11379,8335
S004,FAB_007,W06,22880,13674,9206
S006,FAB_007,W06,24482,10386,14096
S007,FAB_007,W06,24365,12882,11483
S001,FAB_008,W06,24900,9326,15574
S002,FAB_008,W06,19319,9822,9497
S004,FAB_008,W06,17927,6694,11233
S006,FAB_008,W06,21243,8150,13093
S008,FAB_008,W06,20972,13020,7952
S001,FAB_009,W06,15312,7989,7323
S002,FAB_009,W06,14455,5772,8683
S004,FAB_009,W06,20525,9904,10621
S006,FAB_009,W06,23145,9526,13619
S008,FAB_009,W06,21554,10704,10850
S001,FAB_010,W06,20361,9847,10514
S002,FAB_010,W06,12911,6275,6636
S004,FAB_010,W06,20409,9686,10723
S007,FAB_010,W06,21239,7801,13438
S008,FAB_010,W06,19575,10802,8773
S001,FAB_011,W06,17049,9666,7383
S002,FAB_011,W06,18487,7881,10606
S004,FAB_011,W06,12049,6913,5136
S007,FAB_011,W06,21475,7986,13489
S008,FAB_011,W06,18941,8587,10354
S001,FAB_012,W06,13044,6683,6361
S002,FAB_012,W06,12987,8186,4801
S004,FAB_012,W06,13130,8479,4651
S006,FAB_012,W06,19734,7094,12640
S005,FAB_012,W06,18698,7553,11145
S001,FAB_013,W06,14218,8242,5976
S002,FAB_013,W06,23948,13022,10926
S004,FAB_013,W06,18887,8732,10155
S007,FAB_013,W06,18266,8850,9416
S008,FAB_013,W06,18184,8413,9771
S001,FAB_014,W06,23185,14820,8365
S002,FAB_014,W06,20835,8123,12712
S004,FAB_014,W06,17697,6823,10874
S003,FAB_014,W06,20802,9733,11069
S007,FAB_014,W06,14086,8005,6081
S001,FAB_015,W06,15648,9395,6253
S002,FAB_015,W06,24389,8702,15687
S004,FAB_015,W06,16888,8256,8632
S007,FAB_015,W06,23781,12207,11574
S008,FAB_015,W06,20715,9607,11108
S001,FAB_016,W06,15762,6687,9075
S002,FAB_016,W06,17671,7007,10664
S004,FAB_016,W06,15088,9523,5565
S005,FAB_016,W06,23878,13840,10038
S006,FAB_016,W06,12527,7426,5101
S001,FAB_017,W06,18868,10084,8784
S002,FAB_017,W06,12256,5174,7082
S004,FAB_017,W06,13102,4982,8120
S005,FAB_017,W06,12550,6073,6477
S003,FAB_017,W06,23010,12908,10102
S001,FAB_018,W06,12797,5418,7379
S002,FAB_018,W06,12724,5988,6736
S004,FAB_018,W06,15839,8108,7731
S007,FAB_018,W06,24359,14837,9522
S003,FAB_018,W06,12924,5066,7858
S001,FAB_019,W06,16739,7034,9705
S002,FAB_019,W06,23985,12540,11445
S004,FAB_019,W06,21461,11360,10101
S007,FAB_019,W06,23018,13707,9311
S006,FAB_019,W06,15881,6996,8885
S001,FAB_020,W06,14347,9263,5084
S002,FAB_020,W06,20540,8551,11989
S004,FAB_020,W06,16923,7319,9604
S005,FAB_020,W06,21121,13402,7719
S007,FAB_020,W06,24045,14991,9054
S001,FAB_021,W06,22256,12321,9935
S002,FAB_021,W06,21107,10525,10582
S004,FAB_021,W06,17642,11158,6484
S006,FAB_021,W06,22999,10679,12320
S003,FAB_021,W06,20592,9176,11416
S001,FAB_022,W06,18821,8892,9929
S002,FAB_022,W06,16913,7829,9084
S004,FAB_022,W06,24360,12457,11903
S005,FAB_022,W06,15948,9645,6303
S003,FAB_022,W06,16927,10279,6648
S001,FAB_023,W06,14365,8500,5865
S002,FAB_023,W06,12944,6714,6230
S004,FAB_023,W06,18824,9735,9089
S008,FAB_023,W06,14196,6622,7574
S003,FAB_023,W06,16177,6648,9529
S001,FAB_024,W06,22595,8444,14151
S002,FAB_024,W06,19369,11701,7668
S004,FAB_024,W06,13514,6901,6613
S003,FAB_024,W06,15120,5525,9595
S005,FAB_024,W06,18179,10036,8143
S001,FAB_025,W06,21878,7916,13962
S002,FAB_025,W06,13192,5361,7831
S004,FAB_025,W06,24479,12882,11597
S008,FAB_025,W06,23001,11906,11095
S006,FAB_025,W06,19854,8193,11661
S001,FAB_026,W06,17455,7696,9759
S002,FAB_026,W06,12251,5066,7185
S004,FAB_026,W06,15113,9651,5462
S005,FAB_026,W06,13922,7992,5930
S006,FAB_026,W06,24358,12024,12334
S001,FAB_027,W06,15974,8924,7050
S002,FAB_027,W06,23530,9679,13851
S004,FAB_027,W06,15921,8209,7712
S005,FAB_027,W06,24706,10745,13961
S007,FAB_027,W06,19639,10017,9622
S001,FAB_028,W06,17886,7915,9971
S002,FAB_028,W06,17892,9014,8878
S004,FAB_028,W06,20147,9868,10279
S006,FAB_028,W06,23836,11699,12137
S008,FAB_028,W06,17246,10766,6480
S001,FAB_029,W06,18073,8022,10051
S002,FAB_029,W06,12749,6613,6136
S004,FAB_029,W06,15625,8943,6682
S003,FAB_029,W06,12265,5252,7013
S006,FAB_029,W06,21568,11296,10272
S001,FAB_030,W06,18841,8262,10579
S002,FAB_030,W06,15214,6830,8384
S004,FAB_030,W06,18223,9493,8730
S006,FAB_030,W06,16026,8009,8017
S008,FAB_030,W06,22725,14385,8340
S001,FAB_001,W07,17530,7488,10042
S002,FAB_001,W07,20005,12802,7203
S004,FAB_001,W07,22513,12874,9639
S005,FAB_001,W07,19550,7829,11721
S006,FAB_001,W07,17770,7121,10649
S001,FAB_002,W07,23801,12232,11569
S002,FAB_002,W07,15015,9385,5630
S004,FAB_002,W07,20882,13512,7370
S003,FAB_002,W07,12962,6574,6388
S007,FAB_002,W07,13217,8373,4844
S001,FAB_003,W07,22948,8365,14583
S002,FAB_003,W07,12104,5733,6371
S004,FAB_003,W07,22333,9367,12966
S008,FAB_003,W07,23586,9323,14263
S003,FAB_003,W07,15583,7818,7765
S001,FAB_004,W07,18114,6668,11446
S002,FAB_004,W07,22448,12346,10102
S004,FAB_004,W07,22101,13787,8314
S006,FAB_004,W07,22801,11317,11484
S005,FAB_004,W07,12108,6171,5937
S001,FAB_005,W07,18739,6625,12114
S002,FAB_005,W07,20673,11714,8959
S004,FAB_005,W07,20777,13364,7413
S007,FAB_005,W07,12280,6148,6132
S003,FAB_005,W07,23433,12939,10494
S001,FAB_006,W07,14937,5707,9230
S002,FAB_006,W07,13578,6888,6690
S004,FAB_006,W07,15948,6500,9448
S007,FAB_006,W07,20625,8780,11845
S005,FAB_006,W07,17807,7660,10147
S001,FAB_007,W07,18502,6914,11588
S002,FAB_007,W07,18652,9096,9556
S004,FAB_007,W07,15984,10342,5642
S006,FAB_007,W07,15700,6907,8793
S007,FAB_007,W07,13320,7274,6046
S001,FAB_008,W07,22647,13087,9560
S002,FAB_008,W07,13531,6380,7151
S004,FAB_008,W07,18179,9376,8803
S006,FAB_008,W07,12919,6989,5930
S008,FAB_008,W07,23515,9439,14076
S001,FAB_009,W07,20189,12186,8003
S002,FAB_009,W07,22566,13208,9358
S004,FAB_009,W07,21270,13680,7590
S006,FAB_009,W07,13562,8387,5175
S008,FAB_009,W07,12697,5319,7378
S001,FAB_010,W07,23342,14384,8958
S002,FAB_010,W07,19790,8535,11255
S004,FAB_010,W07,13218,7340,5878
S007,FAB_010,W07,16593,10284,6309
S008,FAB_010,W07,21232,11623,9609
S001,FAB_011,W07,14938,9390,5548
S002,FAB_011,W07,17152,6083,11069
S004,FAB_011,W07,15394,8098,7296
S007,FAB_011,W07,24324,14502,9822
S008,FAB_011,W07,18525,11645,6880
S001,FAB_012,W07,16903,6739,10164
S002,FAB_012,W07,15939,8288,7651
S004,FAB_012,W07,18375,10163,8212
S006,FAB_012,W07,20856,9375,11481
S005,FAB_012,W07,24379,13942,10437
S001,FAB_013,W07,24951,16131,8820
S002,FAB_013,W07,23864,8913,14951
S004,FAB_013,W07,24213,15551,8662
S007,FAB_013,W07,12879,4885,7994
S008,FAB_013,W07,15803,9507,6296
S001,FAB_014,W07,17580,9344,8236
S002,FAB_014,W07,22057,14038,8019
S004,FAB_014,W07,18499,11851,6648
S003,FAB_014,W07,17347,6225,11122
S007,FAB_014,W07,16478,9640,6838
S001,FAB_015,W07,19381,9635,9746
S002,FAB_015,W07,17829,9198,8631
S004,FAB_015,W07,18150,8703,9447
S007,FAB_015,W07,23136,12164,10972
S008,FAB_015,W07,18227,6848,11379
S001,FAB_016,W07,22135,9708,12427
S002,FAB_016,W07,16037,9043,6994
S004,FAB_016,W07,13344,5743,7601
S005,FAB_016,W07,18225,10269,7956
S006,FAB_016,W07,22385,8870,13515
S001,FAB_017,W07,18383,8180,10203
S002,FAB_017,W07,13745,5188,8557
S004,FAB_017,W07,17050,8242,8808
S005,FAB_017,W07,24473,10546,13927
S003,FAB_017,W07,14170,5330,8840
S001,FAB_018,W07,19061,9237,9824
S002,FAB_018,W07,21088,10622,10466
S004,FAB_018,W07,13692,4900,8792
S007,FAB_018,W07,17798,9188,8610
S003,FAB_018,W07,21780,11530,10250
S001,FAB_019,W07,17315,10546,6769
S002,FAB_019,W07,12202,5339,6863
S004,FAB_019,W07,18353,10713,7640
S007,FAB_019,W07,23875,14810,9065
S006,FAB_019,W07,15977,8333,7644
S001,FAB_020,W07,14778,8210,6568
S002,FAB_020,W07,14777,5787,8990
S004,FAB_020,W07,16933,7290,9643
S005,FAB_020,W07,14390,5309,9081
S007,FAB_020,W07,19121,8275,10846
S001,FAB_021,W07,16911,8375,8536
S002,FAB_021,W07,13260,6077,7183
S004,FAB_021,W07,16040,9082,6958
S006,FAB_021,W07,20123,10627,9496
S003,FAB_021,W07,15203,7409,7794
S001,FAB_022,W07,14219,6276,7943
S002,FAB_022,W07,18483,8311,10172
S004,FAB_022,W07,22161,10281,11880
S005,FAB_022,W07,17399,8387,9012
S003,FAB_022,W07,19055,11330,7725
S001,FAB_023,W07,22666,14557,8109
S002,FAB_023,W07,14230,6263,7967
S004,FAB_023,W07,21883,13877,8006
S008,FAB_023,W07,15290,7548,7742
S003,FAB_023,W07,14910,9533,5377
S001,FAB_024,W07,17228,7536,9692
S002,FAB_024,W07,23386,12625,10761
S004,FAB_024,W07,21435,12530,8905
S003,FAB_024,W07,17339,8024,9315
S005,FAB_024,W07,24875,11638,13237
S001,FAB_025,W07,13865,8729,5136
S002,FAB_025,W07,15273,8059,7214
S004,FAB_025,W07,20939,8458,12481
S008,FAB_025,W07,24576,12657,11919
S006,FAB_025,W07,23914,11681,12233
S001,FAB_026,W07,23605,9746,13859
S002,FAB_026,W07,16773,10053,6720
S004,FAB_026,W07,13133,7823,5310
S005,FAB_026,W07,18703,10322,8381
S006,FAB_026,W07,14280,7711,6569
S001,FAB_027,W07,15965,6797,9168
S002,FAB_027,W07,14525,8200,6325
S004,FAB_027,W07,24928,11544,13384
S005,FAB_027,W07,19357,12528,6829
S007,FAB_027,W07,19851,10415,9436
S001,FAB_028,W07,20755,10418,10337
S002,FAB_028,W07,23332,11094,12238
S004,FAB_028,W07,12602,7400,5202
S006,FAB_028,W07,17890,10027,7863
S008,FAB_028,W07,20796,10983,9813
S001,FAB_029,W07,13392,5126,8266
S002,FAB_029,W07,16067,8793,7274
S004,FAB_029,W07,17816,7124,10692
S003,FAB_029,W07,22038,8006,14032
S006,FAB_029,W07,22568,12485,10083
S001,FAB_030,W07,18547,11870,6677
S002,FAB_030,W07,17432,11151,6281
S004,FAB_030,W07,19052,7273,11779
S006,FAB_030,W07,13615,5822,7793
S008,FAB_030,W07,20366,11691,8675
S001,FAB_001,W08,21142,11081,10061
S002,FAB_001,W08,21424,8919,12505
S004,FAB_001,W08,18129,8472,9657
S005,FAB_001,W08,24654,13655,10999
S006,FAB_001,W08,23312,11659,11653
S001,FAB_002,W08,17651,11460,6191
S002,FAB_002,W08,19909,7592,12317
S004,FAB_002,W08,18815,11781,7034
S003,FAB_002,W08,13406,5158,8248
S007,FAB_002,W08,23962,9405,14557
S001,FAB_003,W08,17110,7749,9361
S002,FAB_003,W08,24849,10239,14610
S004,FAB_003,W08,19912,9049,10863
S008,FAB_003,W08,13599,6547,7052
S003,FAB_003,W08,23415,11373,12042
S001,FAB_004,W08,13100,5765,7335
S002,FAB_004,W08,23645,9092,14553
S004,FAB_004,W08,17620,9592,8028
S006,FAB_004,W08,23094,13625,9469
S005,FAB_004,W08,24132,10212,13920
S001,FAB_005,W08,14858,7660,7198
S002,FAB_005,W08,17422,9023,8399
S004,FAB_005,W08,19570,8210,11360
S007,FAB_005,W08,18636,10043,8593
S003,FAB_005,W08,15053,8160,6893
S001,FAB_006,W08,19080,8942,10138
S002,FAB_006,W08,24081,12864,11217
S004,FAB_006,W08,15232,7385,7847
S007,FAB_006,W08,19037,8883,10154
S005,FAB_006,W08,23546,9758,13788
S001,FAB_007,W08,16560,9533,7027
S002,FAB_007,W08,13025,6814,6211
S004,FAB_007,W08,20796,8445,12351
S006,FAB_007,W08,17340,7094,10246
S007,FAB_007,W08,13867,5944,7923
S001,FAB_008,W08,20019,10175,9844
S002,FAB_008,W08,22471,9977,12494
S004,FAB_008,W08,18367,9796,8571
S006,FAB_008,W08,21617,8306,13311
S008,FAB_008,W08,17766,10724,7042
S001,FAB_009,W08,22114,8884,13230
S002,FAB_009,W08,23036,12941,10095
S004,FAB_009,W08,16873,10555,6318
S006,FAB_009,W08,21669,8135,13534
S008,FAB_009,W08,14194,6301,7893
S001,FAB_010,W08,15908,7025,8883
S002,FAB_010,W08,14999,6929,8070
S004,FAB_010,W08,14316,7204,7112
S007,FAB_010,W08,18852,9971,8881
S008,FAB_010,W08,21417,9961,11456
S001,FAB_011,W08,15043,7461,7582
S002,FAB_011,W08,20804,11609,9195
S004,FAB_011,W08,22571,14201,8370
S007,FAB_011,W08,14838,7663,7175
S008,FAB_011,W08,20022,8742,11280
S001,FAB_012,W08,15065,6694,8371
S002,FAB_012,W08,19389,10389,9000
S004,FAB_012,W08,17882,11364,6518
S006,FAB_012,W08,19939,7795,12144
S005,FAB_012,W08,18290,11690,6600
S001,FAB_013,W08,20281,11071,9210
S002,FAB_013,W08,18703,10387,8316
S004,FAB_013,W08,18809,10590,8219
S007,FAB_013,W08,19272,9570,9702
S008,FAB_013,W08,13354,6938,6416
S001,FAB_014,W08,24469,10182,14287
S002,FAB_014,W08,12535,5420,7115
S004,FAB_014,W08,20808,9084,11724
S003,FAB_014,W08,24791,12078,12713
S007,FAB_014,W08,24165,14058,10107
S001,FAB_015,W08,20115,10357,9758
S002,FAB_015,W08,13854,7229,6625
S004,FAB_015,W08,16389,9547,6842
S007,FAB_015,W08,18010,9232,8778
S008,FAB_015,W08,24399,8844,15555
S001,FAB_016,W08,23779,11471,12308
S002,FAB_016,W08,15580,10079,5501
S004,FAB_016,W08,13677,7806,5871
S005,FAB_016,W08,22709,13066,9643
S006,FAB_016,W08,16877,10336,6541
S001,FAB_017,W08,12528,6075,6453
S002,FAB_017,W08,17711,10779,6932
S004,FAB_017,W08,13425,6467,6958
S005,FAB_017,W08,13923,8112,5811
S003,FAB_017,W08,15882,6558,9324
S001,FAB_018,W08,24085,12677,11408
S002,FAB_018,W08,17744,10793,6951
S004,FAB_018,W08,21998,11875,10123
S007,FAB_018,W08,14719,7872,6847
S003,FAB_018,W08,24858,10241,14617
S001,FAB_019,W08,15390,9105,6285
S002,FAB_019,W08,21340,9714,11626
S004,FAB_019,W08,16605,8784,7821
S007,FAB_019,W08,14758,6598,8160
S006,FAB_019,W08,23535,10303,13232
S001,FAB_020,W08,21383,9199,12184
S002,FAB_020,W08,20428,13189,7239
S004,FAB_020,W08,23129,13751,9378
S005,FAB_020,W08,14221,9084,5137
S007,FAB_020,W08,24872,11776,13096
S001,FAB_021,W08,12971,8401,4570
S002,FAB_021,W08,22746,8826,13920
S004,FAB_021,W08,14174,6022,8152
S006,FAB_021,W08,23655,10565,13090
S003,FAB_021,W08,16055,9286,6769
S001,FAB_022,W08,23079,10796,12283
S002,FAB_022,W08,14329,7497,6832
S004,FAB_022,W08,16402,8829,7573
S005,FAB_022,W08,18146,8811,9335
S003,FAB_022,W08,22381,13168,9213
S001,FAB_023,W08,24597,9295,15302
S002,FAB_023,W08,20447,11755,8692
S004,FAB_023,W08,23382,14751,8631
S008,FAB_023,W08,18046,8777,9269
S003,FAB_023,W08,19996,8961,11035
S001,FAB_024,W08,12040,7352,4688
S002,FAB_024,W08,24004,9072,14932
S004,FAB_024,W08,19511,10544,8967
S003,FAB_024,W08,23424,10715,12709
S005,FAB_024,W08,13037,7674,5363
S001,FAB_025,W08,18516,7690,10826
S002,FAB_025,W08,19039,11374,7665
S004,FAB_025,W08,20105,8656,11449
S008,FAB_025,W08,16646,7512,9134
S006,FAB_025,W08,21468,8354,13114
S001,FAB_026,W08,19951,11701,8250
S002,FAB_026,W08,23182,13414,9768
S004,FAB_026,W08,12752,4844,7908
S005,FAB_026,W08,24843,14930,9913
S006,FAB_026,W08,12266,4750,7516
S001,FAB_027,W08,14588,7037,7551
S002,FAB_027,W08,12011,7777,4234
S004,FAB_027,W08,19009,7806,11203
S005,FAB_027,W08,23281,14499,8782
S007,FAB_027,W08,22649,9978,12671
S001,FAB_028,W08,16489,6232,10257
S002,FAB_028,W08,17905,7611,10294
S004,FAB_028,W08,18092,9938,8154
S006,FAB_028,W08,22631,9044,13587
S008,FAB_028,W08,18493,9943,8550
S001,FAB_029,W08,23894,13376,10518
S002,FAB_029,W08,15836,7581,8255
S004,FAB_029,W08,13494,7571,5923
S003,FAB_029,W08,12017,4975,7042
S006,FAB_029,W08,13276,5175,8101
S001,FAB_030,W08,15705,7944,7761
S002,FAB_030,W08,19291,6805,12486
S004,FAB_030,W08,23396,10600,12796
S006,FAB_030,W08,13975,9034,4941
S008,FAB_030,W08,18919,10560,8359
S001,FAB_001,W09,19826,7360,12466
S002,FAB_001,W09,18276,6886,11390
S004,FAB_001,W09,13678,5210,8468
S005,FAB_001,W09,18022,11070,6952
S006,FAB_001,W09,14246,6621,7625
S001,FAB_002,W09,24339,14903,9436
S002,FAB_002,W09,22511,14584,7927
S004,FAB_002,W09,14340,5313,9027
S003,FAB_002,W09,21228,7483,13745
S007,FAB_002,W09,22649,9042,13607
S001,FAB_003,W09,17753,10061,7692
S002,FAB_003,W09,22290,12805,9485
S004,FAB_003,W09,18745,10025,8720
S008,FAB_003,W09,19248,11702,7546
S003,FAB_003,W09,13420,8306,5114
S001,FAB_004,W09,14293,8228,6065
S002,FAB_004,W09,21659,12324,9335
S004,FAB_004,W09,17759,11347,6412
S006,FAB_004,W09,17152,10073,7079
S005,FAB_004,W09,16059,6954,9105
S001,FAB_005,W09,13380,5679,7701
S002,FAB_005,W09,21846,11578,10268
S004,FAB_005,W09,21954,9560,12394
S007,FAB_005,W09,23312,8346,14966
S003,FAB_005,W09,22787,13962,8825
S001,FAB_006,W09,15366,7764,7602
S002,FAB_006,W09,20348,8273,12075
S004,FAB_006,W09,18418,8079,10339
S007,FAB_006,W09,12894,7544,5350
S005,FAB_006,W09,15921,7936,7985
S001,FAB_007,W09,13847,5847,8000
S002,FAB_007,W09,22454,11859,10595
S004,FAB_007,W09,20655,12736,7919
S006,FAB_007,W09,12197,7880,4317
S007,FAB_007,W09,17185,6695,10490
S001,FAB_008,W09,21312,10150,11162
S002,FAB_008,W09,20951,11625,9326
S004,FAB_008,W09,24496,12034,12462
S006,FAB_008,W09,24621,9156,15465
S008,FAB_008,W09,21623,8006,13617
S001,FAB_009,W09,16295,6757,9538
S002,FAB_009,W09,12990,8243,4747
S004,FAB_009,W09,18520,9296,9224
S006,FAB_009,W09,22298,12571,9727
S008,FAB_009,W09,24568,11660,12908
S001,FAB_010,W09,23498,11060,12438
S002,FAB_010,W09,22494,11493,11001
S004,FAB_010,W09,22093,8744,13349
S007,FAB_010,W09,13369,5922,7447
S008,FAB_010,W09,20377,12761,7616
S001,FAB_011,W09,14545,7431,7114
S002,FAB_011,W09,18401,9677,8724
S004,FAB_011,W09,24504,14711,9793
S007,FAB_011,W09,23158,12573,10585
S008,FAB_011,W09,17081,9558,7523
S001,FAB_012,W09,23959,15238,8721
S002,FAB_012,W09,15909,5844,10065
S004,FAB_012,W09,13412,8414,4998
S006,FAB_012,W09,13900,6755,7145
S005,FAB_012,W09,21975,8054,13921
S001,FAB_013,W09,22913,13117,9796
S002,FAB_013,W09,24134,9718,14416
S004,FAB_013,W09,12207,6864,5343
S007,FAB_013,W09,23493,8302,15191
S008,FAB_013,W09,20133,12802,7331
S001,FAB_014,W09,20568,10390,10178
S002,FAB_014,W09,23809,10184,13625
S004,FAB_014,W09,18092,7021,11071
S003,FAB_014,W09,24797,15176,9621
S007,FAB_014,W09,24008,14787,9221
S001,FAB_015,W09,24639,15275,9364
S002,FAB_015,W09,17488,10355,7133
S004,FAB_015,W09,16456,8345,8111
S007,FAB_015,W09,16308,9192,7116
S008,FAB_015,W09,21447,11544,9903
S001,FAB_016,W09,20128,9793,10335
S002,FAB_016,W09,17900,6562,11338
S004,FAB_016,W09,21287,8516,12771
S005,FAB_016,W09,14577,6217,8360
S006,FAB_016,W09,13685,8461,5224
S001,FAB_017,W09,23044,13062,9982
S002,FAB_017,W09,15742,9008,6734
S004,FAB_017,W09,12042,4373,7669
S005,FAB_017,W09,12201,5165,7036
S003,FAB_017,W09,19729,9059,10670
S001,FAB_018,W09,14458,5836,8622
S002,FAB_018,W09,12579,6488,6091
S004,FAB_018,W09,23698,13559,10139
S007,FAB_018,W09,18870,7875,10995
S003,FAB_018,W09,16067,7629,8438
S001,FAB_019,W09,23801,10614,13187
S002,FAB_019,W09,13276,6922,6354
S004,FAB_019,W09,13956,6986,6970
S007,FAB_019,W09,12862,5193,7669
S006,FAB_019,W09,20450,13178,7272
S001,FAB_020,W09,18568,6882,11686
S002,FAB_020,W09,19620,11964,7656
S004,FAB_020,W09,24673,14889,9784
S005,FAB_020,W09,17362,6526,10836
S007,FAB_020,W09,19483,6865,12618
S001,FAB_021,W09,15287,6687,8600
S002,FAB_021,W09,24853,10964,13889
S004,FAB_021,W09,22202,9386,12816
S006,FAB_021,W09,18033,9512,8521
S003,FAB_021,W09,20083,13040,7043
S001,FAB_022,W09,24712,10097,14615
S002,FAB_022,W09,20954,12114,8840
S004,FAB_022,W09,16016,6329,9687
S005,FAB_022,W09,18718,6685,12033
S003,FAB_022,W09,20872,9474,11398
S001,FAB_023,W09,23361,14324,9037
S002,FAB_023,W09,17488,6128,11360
S004,FAB_023,W09,22769,10539,12230
S008,FAB_023,W09,24092,13688,10404
S003,FAB_023,W09,13703,5639,8064
S001,FAB_024,W09,15902,7568,8334
S002,FAB_024,W09,12981,8330,4651
S004,FAB_024,W09,14332,8076,6256
S003,FAB_024,W09,13524,4911,8613
S005,FAB_024,W09,15792,9778,6014
S001,FAB_025,W09,20515,9722,10793
S002,FAB_025,W09,18102,8825,9277
S004,FAB_025,W09,24253,9106,15147
S008,FAB_025,W09,13565,6804,6761
S006,FAB_025,W09,22440,13373,9067
S001,FAB_026,W09,13226,6977,6249
S002,FAB_026,W09,13020,6256,6764
S004,FAB_026,W09,14141,5953,8188
S005,FAB_026,W09,16276,9851,6425
S006,FAB_026,W09,18438,10329,8109
S001,FAB_027,W09,24048,10770,13278
S002,FAB_027,W09,19417,8380,11037
S004,FAB_027,W09,13223,8371,4852
S005,FAB_027,W09,14230,8310,5920
S007,FAB_027,W09,21579,8258,13321
S001,FAB_028,W09,13731,5482,8249
S002,FAB_028,W09,19635,8722,10913
S004,FAB_028,W09,13978,7139,6839
S006,FAB_028,W09,24621,10151,14470
S008,FAB_028,W09,17051,8338,8713
S001,FAB_029,W09,13964,5266,8698
S002,FAB_029,W09,23240,10254,12986
S004,FAB_029,W09,23545,13163,10382
S003,FAB_029,W09,12660,5247,7413
S006,FAB_029,W09,17370,6852,10518
S001,FAB_030,W09,23651,10039,13612
S002,FAB_030,W09,17828,8359,9469
S004,FAB_030,W09,12802,7081,5721
S006,FAB_030,W09,16262,9692,6570
S008,FAB_030,W09,14848,5335,9513
S001,FAB_001,W10,18625,11293,7332
S002,FAB_001,W10,21108,12124,8984
S004,FAB_001,W10,16093,6089,10004
S005,FAB_001,W10,13669,8080,5589
S006,FAB_001,W10,14290,5522,8768
S001,FAB_002,W10,13010,7794,5216
S002,FAB_002,W10,15641,6087,9554
S004,FAB_002,W10,18563,8570,9993
S003,FAB_002,W10,22326,14093,8233
S007,FAB_002,W10,13376,7018,6358
S001,FAB_003,W10,16240,10153,6087
S002,FAB_003,W10,13228,4716,8512
S004,FAB_003,W10,13056,5344,7712
S008,FAB_003,W10,22583,10908,11675
S003,FAB_003,W10,14110,5327,8783
S001,FAB_004,W10,17432,6741,10691
S002,FAB_004,W10,19552,7140,12412
S004,FAB_004,W10,21402,10271,11131
S006,FAB_004,W10,23869,11182,12687
S005,FAB_004,W10,12483,5802,6681
S001,FAB_005,W10,18990,7630,11360
S002,FAB_005,W10,15517,9659,5858
S004,FAB_005,W10,16505,7162,9343
S007,FAB_005,W10,14435,5202,9233
S003,FAB_005,W10,22144,11849,10295
S001,FAB_006,W10,22605,9913,12692
S002,FAB_006,W10,18750,11528,7222
S004,FAB_006,W10,19848,7309,12539
S007,FAB_006,W10,16583,7709,8874
S005,FAB_006,W10,18868,7732,11136
S001,FAB_007,W10,20614,8755,11859
S002,FAB_007,W10,20907,12302,8605
S004,FAB_007,W10,18266,10677,7589
S006,FAB_007,W10,17883,8832,9051
S007,FAB_007,W10,24803,12287,12516
S001,FAB_008,W10,21267,10648,10619
S002,FAB_008,W10,18363,7916,10447
S004,FAB_008,W10,12427,5538,6889
S006,FAB_008,W10,15588,5592,9996
S008,FAB_008,W10,24755,10750,14005
S001,FAB_009,W10,19728,10038,9690
S002,FAB_009,W10,24563,12900,11663
S004,FAB_009,W10,15813,10155,5658
S006,FAB_009,W10,13640,5788,7852
S008,FAB_009,W10,15951,6858,9093
S001,FAB_010,W10,24963,15606,9357
S002,FAB_010,W10,12916,7481,5435
S004,FAB_010,W10,15594,8151,7443
S007,FAB_010,W10,18363,8381,9982
S008,FAB_010,W10,14846,5980,8866
S001,FAB_011,W10,21707,9668,12039
S002,FAB_011,W10,24093,13474,10619
S004,FAB_011,W10,21692,7775,13917
S007,FAB_011,W10,23477,10693,12784
S008,FAB_011,W10,21300,11056,10244
S001,FAB_012,W10,21225,13467,7758
S002,FAB_012,W10,20064,10285,9779
S004,FAB_012,W10,14876,7395,7481
S006,FAB_012,W10,13478,4944,8534
S005,FAB_012,W10,21857,9084,12773
S001,FAB_013,W10,20625,10176,10449
S002,FAB_013,W10,17435,10903,6532
S004,FAB_013,W10,15300,9056,6244
S007,FAB_013,W10,17582,9935,7647
S008,FAB_013,W10,17301,6364,10937
S001,FAB_014,W10,14420,7584,6836
S002,FAB_014,W10,14320,8338,5982
S004,FAB_014,W10,20622,12542,8080
S003,FAB_014,W10,13188,6093,7095
S007,FAB_014,W10,22848,10708,12140
S001,FAB_015,W10,13655,6157,7498
S002,FAB_015,W10,17285,6757,10528
S004,FAB_015,W10,14580,8306,6274
S007,FAB_015,W10,19157,11255,7902
S008,FAB_015,W10,19982,10885,9097
S001,FAB_016,W10,14854,8350,6504
S002,FAB_016,W10,21207,11834,9373
S004,FAB_016,W10,22055,12926,9129
S005,FAB_016,W10,15657,8606,7051
S006,FAB_016,W10,14872,6893,7979
S001,FAB_017,W10,24025,13371,10654
S002,FAB_017,W10,14086,5681,8405
S004,FAB_017,W10,12029,7634,4395
S005,FAB_017,W10,21385,9997,11388
S003,FAB_017,W10,24629,15751,8878
S001,FAB_018,W10,12530,5069,7461
S002,FAB_018,W10,17213,10780,6433
S004,FAB_018,W10,22016,9164,12852
S007,FAB_018,W10,21265,8106,13159
S003,FAB_018,W10,20129,7894,12235
S001,FAB_019,W10,24211,9038,15173
S002,FAB_019,W10,17682,11399,6283
S004,FAB_019,W10,14750,7977,6773
S007,FAB_019,W10,13453,8024,5429
S006,FAB_019,W10,22977,12447,10530
S001,FAB_020,W10,17500,8469,9031
S002,FAB_020,W10,16345,6748,9597
S004,FAB_020,W10,23356,8649,14707
S005,FAB_020,W10,16205,9497,6708
S007,FAB_020,W10,23803,8340,15463
S001,FAB_021,W10,18323,8821,9502
S002,FAB_021,W10,18875,12093,6782
S004,FAB_021,W10,18783,9352,9431
S006,FAB_021,W10,18204,8289,9915
S003,FAB_021,W10,18149,6904,11245
S001,FAB_022,W10,19855,11647,8208
S002,FAB_022,W10,21470,11707,9763
S004,FAB_022,W10,23258,9714,13544
S005,FAB_022,W10,19393,7216,12177
S003,FAB_022,W10,12547,5501,7046
S001,FAB_023,W10,17221,7376,9845
S002,FAB_023,W10,13715,5105,8610
S004,FAB_023,W10,14787,9114,5673
S008,FAB_023,W10,14636,8336,6300
S003,FAB_023,W10,20962,13259,7703
S001,FAB_024,W10,13525,6104,7421
S002,FAB_024,W10,22053,13628,8425
S004,FAB_024,W10,23542,8458,15084
S003,FAB_024,W10,22709,9072,13637
S005,FAB_024,W10,19113,7590,11523
S001,FAB_025,W10,13659,6137,7522
S002,FAB_025,W10,15112,7144,7968
S004,FAB_025,W10,21078,11943,9135
S008,FAB_025,W10,23959,12267,11692
S006,FAB_025,W10,22823,9915,12908
S001,FAB_026,W10,15891,6019,9872
S002,FAB_026,W10,18437,9615,8822
S004,FAB_026,W10,20043,7938,12105
S005,FAB_026,W10,17911,6289,11622
S006,FAB_026,W10,13435,5889,7546
S001,FAB_027,W10,22846,12280,10566
S002,FAB_027,W10,19869,8144,11725
S004,FAB_027,W10,12421,5118,7303
S005,FAB_027,W10,22456,9825,12631
S007,FAB_027,W10,13342,6565,6777
S001,FAB_028,W10,13892,6147,7745
S002,FAB_028,W10,18512,9094,9418
S004,FAB_028,W10,22830,9805,13025
S006,FAB_028,W10,22516,11556,10960
S008,FAB_028,W10,15029,6932,8097
S001,FAB_029,W10,18249,8409,9840
S002,FAB_029,W10,19303,7014,12289
S004,FAB_029,W10,19204,9400,9804
S003,FAB_029,W10,15706,9441,6265
S006,FAB_029,W10,21244,7828,13416
S001,FAB_030,W10,24324,13595,10729
S002,FAB_030,W10,13584,5103,8481
S004,FAB_030,W10,17632,10446,7186
S006,FAB_030,W10,18782,12043,6739
S008,FAB_030,W10,21662,9060,12602
S001,FAB_001,W11,12999,7828,5171
S002,FAB_001,W11,20561,9778,10783
S004,FAB_001,W11,20773,11552,9221
S005,FAB_001,W11,19779,10320,9459
S006,FAB_001,W11,15860,7817,8043
S001,FAB_002,W11,13293,6226,7067
S002,FAB_002,W11,23703,8543,15160
S004,FAB_002,W11,21358,13244,8114
S003,FAB_002,W11,21363,11819,9544
S007,FAB_002,W11,22162,8737,13425
S001,FAB_003,W11,24405,11829,12576
S002,FAB_003,W11,14738,9456,5282
S004,FAB_003,W11,15157,5878,9279
S008,FAB_003,W11,18936,7072,11864
S003,FAB_003,W11,23192,11146,12046
S001,FAB_004,W11,22276,8784,13492
S002,FAB_004,W11,21749,9294,12455
S004,FAB_004,W11,23912,14927,8985
S006,FAB_004,W11,13097,4925,8172
S005,FAB_004,W11,21115,9907,11208
S001,FAB_005,W11,17343,10526,6817
S002,FAB_005,W11,20514,9999,10515
S004,FAB_005,W11,12202,7149,5053
S007,FAB_005,W11,22208,11687,10521
S003,FAB_005,W11,24807,11805,13002
S001,FAB_006,W11,18790,7420,11370
S002,FAB_006,W11,21283,11202,10081
S004,FAB_006,W11,24425,15618,8807
S007,FAB_006,W11,13641,8559,5082
S005,FAB_006,W11,21219,12388,8831
S001,FAB_007,W11,24873,10840,14033
S002,FAB_007,W11,20775,12756,8019
S004,FAB_007,W11,18732,8040,10692
S006,FAB_007,W11,22728,11265,11463
S007,FAB_007,W11,21977,10810,11167
S001,FAB_008,W11,14821,6411,8410
S002,FAB_008,W11,14356,7687,6669
S004,FAB_008,W11,23154,12922,10232
S006,FAB_008,W11,12635,5922,6713
S008,FAB_008,W11,17431,9711,7720
S001,FAB_009,W11,12807,7347,5460
S002,FAB_009,W11,16400,10153,6247
S004,FAB_009,W11,12331,5565,6766
S006,FAB_009,W11,16965,7520,9445
S008,FAB_009,W11,20054,12182,7872
S001,FAB_010,W11,23220,8811,14409
S002,FAB_010,W11,15734,6141,9593
S004,FAB_010,W11,24185,11679,12506
S007,FAB_010,W11,17257,7434,9823
S008,FAB_010,W11,18828,10006,8822
S001,FAB_011,W11,13462,5470,7992
S002,FAB_011,W11,15463,9649,5814
S004,FAB_011,W11,18671,10685,7986
S007,FAB_011,W11,24443,12342,12101
S008,FAB_011,W11,18126,10808,7318
S001,FAB_012,W11,20442,12008,8434
S002,FAB_012,W11,13075,5796,7279
S004,FAB_012,W11,20303,9563,10740
S006,FAB_012,W11,24787,15005,9782
S005,FAB_012,W11,21317,7646,13671
S001,FAB_013,W11,15158,9285,5873
S002,FAB_013,W11,15288,9189,6099
S004,FAB_013,W11,16087,5790,10297
S007,FAB_013,W11,12828,8022,4806
S008,FAB_013,W11,23544,9646,13898
S001,FAB_014,W11,18035,10767,7268
S002,FAB_014,W11,20275,9510,10765
S004,FAB_014,W11,14029,7777,6252
S003,FAB_014,W11,15963,7370,8593
S007,FAB_014,W11,21732,10514,11218
S001,FAB_015,W11,19775,10402,9373
S002,FAB_015,W11,17730,8036,9694
S004,FAB_015,W11,16237,9331,6906
S007,FAB_015,W11,23286,8781,14505
S008,FAB_015,W11,12449,5800,6649
S001,FAB_016,W11,14669,8891,5778
S002,FAB_016,W11,24776,15843,8933
S004,FAB_016,W11,15626,8503,7123
S005,FAB_016,W11,23103,9518,13585
S006,FAB_016,W11,22675,10721,11954
S001,FAB_017,W11,12328,7512,4816
S002,FAB_017,W11,24575,13630,10945
S004,FAB_017,W11,19767,12323,7444
S005,FAB_017,W11,22606,9086,13520
S003,FAB_017,W11,12138,5063,7075
S001,FAB_018,W11,21967,12994,8973
S002,FAB_018,W11,17004,9587,7417
S004,FAB_018,W11,23622,12822,10800
S007,FAB_018,W11,18943,11718,7225
S003,FAB_018,W11,17713,8638,9075
S001,FAB_019,W11,15575,7631,7944
S002,FAB_019,W11,23095,11690,11405
S004,FAB_019,W11,22217,10423,11794
S007,FAB_019,W11,13676,4816,8860
S006,FAB_019,W11,22852,14624,8228
S001,FAB_020,W11,18131,9399,8732
S002,FAB_020,W11,21728,11574,10154
S004,FAB_020,W11,16890,9379,7511
S005,FAB_020,W11,19892,7343,12549
S007,FAB_020,W11,16529,8961,7568
S001,FAB_021,W11,16536,7083,9453
S002,FAB_021,W11,23650,15033,8617
S004,FAB_021,W11,22673,9967,12706
S006,FAB_021,W11,14456,7302,7154
S003,FAB_021,W11,15937,9879,6058
S001,FAB_022,W11,21830,10286,11544
S002,FAB_022,W11,17236,9552,7684
S004,FAB_022,W11,23817,8517,15300
S005,FAB_022,W11,20148,13080,7068
S003,FAB_022,W11,16250,10108,6142
S001,FAB_023,W11,18628,8689,9939
S002,FAB_023,W11,12578,6602,5976
S004,FAB_023,W11,21372,12712,8660
S008,FAB_023,W11,17622,10008,7614
S003,FAB_023,W11,15643,8695,6948
S001,FAB_024,W11,22458,13148,9310
S002,FAB_024,W11,23007,10526,12481
S004,FAB_024,W11,16918,10212,6706
S003,FAB_024,W11,22774,13959,8815
S005,FAB_024,W11,14967,6557,8410
S001,FAB_025,W11,19713,7656,12057
S002,FAB_025,W11,16237,9215,7022
S004,FAB_025,W11,21159,12248,8911
S008,FAB_025,W11,14999,9510,5489
S006,FAB_025,W11,17499,9560,7939
S001,FAB_026,W11,15641,7141,8500
S002,FAB_026,W11,24193,14792,9401
S004,FAB_026,W11,18889,11077,7812
S005,FAB_026,W11,17428,8043,9385
S006,FAB_026,W11,21593,9462,12131
S001,FAB_027,W11,13929,6841,7088
S002,FAB_027,W11,22393,11757,10636
S004,FAB_027,W11,22168,8232,13936
S005,FAB_027,W11,15187,7595,7592
S007,FAB_027,W11,23152,10754,12398
S001,FAB_028,W11,16888,8003,8885
S002,FAB_028,W11,14470,5660,8810
S004,FAB_028,W11,15281,6919,8362
S006,FAB_028,W11,21329,13178,8151
S008,FAB_028,W11,19496,7661,11835
S001,FAB_029,W11,23725,9587,14138
S002,FAB_029,W11,13324,6612,6712
S004,FAB_029,W11,22338,14430,7908
S003,FAB_029,W11,17134,9258,7876
S006,FAB_029,W11,12077,5864,6213
S001,FAB_030,W11,15430,8924,6506
S002,FAB_030,W11,14762,7718,7044
S004,FAB_030,W11,14595,7251,7344
S006,FAB_030,W11,24510,14312,10198
S008,FAB_030,W11,14120,7544,6576
S001,FAB_001,W12,22379,10715,11664
S002,FAB_001,W12,19029,12170,6859
S004,FAB_001,W12,18280,6423,11857
S005,FAB_001,W12,20745,8501,12244
S006,FAB_001,W12,18112,11501,6611
S001,FAB_002,W12,17279,9970,7309
S002,FAB_002,W12,20700,8428,12272
S004,FAB_002,W12,23087,8109,14978
S003,FAB_002,W12,24019,10199,13820
S007,FAB_002,W12,23362,14323,9039
S001,FAB_003,W12,17113,6651,10462
S002,FAB_003,W12,18284,9160,9124
S004,FAB_003,W12,17015,6807,10208
S008,FAB_003,W12,12749,5602,7147
S003,FAB_003,W12,16764,8160,8604
S001,FAB_004,W12,20524,10855,9669
S002,FAB_004,W12,17535,8418,9117
S004,FAB_004,W12,23252,15082,8170
S006,FAB_004,W12,17615,11429,6186
S005,FAB_004,W12,20031,9169,10862
S001,FAB_005,W12,15087,6026,9061
S002,FAB_005,W12,18609,6619,11990
S004,FAB_005,W12,15675,8905,6770
S007,FAB_005,W12,14149,5848,8301
S003,FAB_005,W12,12359,6512,5847
S001,FAB_006,W12,14768,5714,9054
S002,FAB_006,W12,23650,12893,10757
S004,FAB_006,W12,12612,5833,6779
S007,FAB_006,W12,22491,9597,12894
S005,FAB_006,W12,20761,11147,9614
S001,FAB_007,W12,21730,14089,7641
S002,FAB_007,W12,22845,8736,14109
S004,FAB_007,W12,12323,4491,7832
S006,FAB_007,W12,13897,6601,7296
S007,FAB_007,W12,18230,7056,11174
S001,FAB_008,W12,16140,7946,8194
S002,FAB_008,W12,14508,5972,8536
S004,FAB_008,W12,23235,12525,10710
S006,FAB_008,W12,16933,8064,8869
S008,FAB_008,W12,13654,7492,6162
S001,FAB_009,W12,16423,8816,7607
S002,FAB_009,W12,23480,9184,14296
S004,FAB_009,W12,13718,6906,6812
S006,FAB_009,W12,22120,8523,13597
S008,FAB_009,W12,13867,8118,5749
S001,FAB_010,W12,20154,8254,11900
S002,FAB_010,W12,15272,8909,6363
S004,FAB_010,W12,20571,13205,7366
S007,FAB_010,W12,17864,10022,7842
S008,FAB_010,W12,16839,6703,10136
S001,FAB_011,W12,20980,10467,10513
S002,FAB_011,W12,15402,8570,6832
S004,FAB_011,W12,19875,8927,10948
S007,FAB_011,W12,12044,4261,7783
S008,FAB_011,W12,13458,8371,5087
S001,FAB_012,W12,21406,11788,9618
S002,FAB_012,W12,14443,9168,5275
S004,FAB_012,W12,24771,12472,12299
S006,FAB_012,W12,23854,13526,10328
S005,FAB_012,W12,16192,8797,7395
S001,FAB_013,W12,19483,12597,6886
S002,FAB_013,W12,16850,7232,9618
S004,FAB_013,W12,12820,4870,7950
S007,FAB_013,W12,14862,9099,5763
S008,FAB_013,W12,16760,7677,9083
S001,FAB_014,W12,23088,10246,12842
S002,FAB_014,W12,24100,9272,14828
S004,FAB_014,W12,24422,15070,9352
S003,FAB_014,W12,12158,7362,4796
S007,FAB_014,W12,22868,12443,10425
S001,FAB_015,W12,17384,7948,9436
S002,FAB_015,W12,19171,12202,6969
S004,FAB_015,W12,16395,10059,6336
S007,FAB_015,W12,13522,6244,7278
S008,FAB_015,W12,17615,7131,10484
S001,FAB_016,W12,18566,8727,9839
S002,FAB_016,W12,19479,8406,11073
S004,FAB_016,W12,18319,10203,8116
S005,FAB_016,W12,19835,11702,8133
S006,FAB_016,W12,22630,13936,8694
S001,FAB_017,W12,14732,5655,9077
S002,FAB_017,W12,23406,13292,10114
S004,FAB_017,W12,14611,5568,9043
S005,FAB_017,W12,21678,10726,10952
S003,FAB_017,W12,21321,11801,9520
S001,FAB_018,W12,14969,7984,6985
S002,FAB_018,W12,24765,11331,13434
S004,FAB_018,W12,12472,7592,4880
S007,FAB_018,W12,23915,15354,8561
S003,FAB_018,W12,14140,6998,7142
S001,FAB_019,W12,19997,7676,12321
S002,FAB_019,W12,18738,9035,9703
S004,FAB_019,W12,13037,5586,7451
S007,FAB_019,W12,17148,6065,11083
S006,FAB_019,W12,23107,11725,11382
S001,FAB_020,W12,24183,12647,11536
S002,FAB_020,W12,21257,8868,12389
S004,FAB_020,W12,22974,14058,8916
S005,FAB_020,W12,20504,10394,10110
S007,FAB_020,W12,23478,12571,10907
S001,FAB_021,W12,19091,10471,8620
S002,FAB_021,W12,16072,7948,8124
S004,FAB_021,W12,22874,12646,10228
S006,FAB_021,W12,18305,7223,11082
S003,FAB_021,W12,21147,13060,8087
S001,FAB_022,W12,22041,8075,13966
S002,FAB_022,W12,22541,14207,8334
S004,FAB_022,W12,20283,12264,8019
S005,FAB_022,W12,20123,12291,7832
S003,FAB_022,W12,13226,7610,5616
S001,FAB_023,W12,17253,7285,9968
S002,FAB_023,W12,16557,6045,10512
S004,FAB_023,W12,15648,8061,7587
S008,FAB_023,W12,18203,8573,9630
S003,FAB_023,W12,15850,5922,9928
S001,FAB_024,W12,19277,11380,7897
S002,FAB_024,W12,19341,7280,12061
S004,FAB_024,W12,20166,9762,10404
S003,FAB_024,W12,13944,8982,4962
S005,FAB_024,W12,24209,13218,10991
S001,FAB_025,W12,13681,6444,7237
S002,FAB_025,W12,12587,6509,6078
S004,FAB_025,W12,12002,7174,4828
S008,FAB_025,W12,24972,13266,11706
S006,FAB_025,W12,22142,11984,10158
S001,FAB_026,W12,20328,10544,9784
S002,FAB_026,W12,22724,12530,10194
S004,FAB_026,W12,17584,8071,9513
S005,FAB_026,W12,12889,7668,5221
S006,FAB_026,W12,19445,8742,10703
S001,FAB_027,W12,24573,13169,11404
S002,FAB_027,W12,19751,11159,8592
S004,FAB_027,W12,17952,10138,7814
S005,FAB_027,W12,13868,5259,8609
S007,FAB_027,W12,22795,9494,13301
S001,FAB_028,W12,17592,8031,9561
S002,FAB_028,W12,22381,14308,8073
S004,FAB_028,W12,16783,8631,8152
S006,FAB_028,W12,18125,10161,7964
S008,FAB_028,W12,12750,7893,4857
S001,FAB_029,W12,20067,7868,12199
S002,FAB_029,W12,23744,13599,10145
S004,FAB_029,W12,18704,7146,11558
S003,FAB_029,W12,22008,8996,13012
S006,FAB_029,W12,13978,8793,5185
S001,FAB_030,W12,18437,7645,10792
S002,FAB_030,W12,24802,10098,14704
S004,FAB_030,W12,17536,6704,10832
S006,FAB_030,W12,18790,6838,11952
S008,FAB_030,W12,22375,13452,8923
