fabric_id,fabric_name,period,gross_requirement_meters,opening_inventory_meters,confirmed_receipts_meters,safety_stock_meters,net_requirement_meters,projected_ending_inventory,inventory_coverage_pct,lead_time_weeks,criticality,standard_cost_per_meter,is_deficit
FAB_001,Premium Denim Grade-1,W01,0.0,3206.0,572.5,2290,0.0,3778.5,377850.0,3,HIGH,16.39,False
FAB_001,Premium Denim Grade-1,W02,0.0,3778.5,572.5,2290,0.0,4351.0,435100.0,3,HIGH,16.39,False
FAB_001,Premium Denim Grade-1,W03,0.0,4351.0,0.0,2290,0.0,4351.0,435100.0,3,HIGH,16.39,False
FAB_001,Premium Denim Grade-1,W04,0.0,4351.0,0.0,2290,0.0,4351.0,435100.0,3,HIGH,16.39,False
FAB_001,Premium Denim Grade-1,W05,0.0,4351.0,0.0,2290,0.0,4351.0,435100.0,3,HIGH,16.39,False
FAB_001,Premium Denim Grade-1,W06,0.0,4351.0,0.0,2290,0.0,4351.0,435100.0,3,HIGH,16.39,False
FAB_001,Premium Denim Grade-1,W07,0.0,4351.0,0.0,2290,0.0,4351.0,435100.0,3,HIGH,16.39,False
FAB_001,Premium Denim Grade-1,W08,0.0,4351.0,0.0,2290,0.0,4351.0,435100.0,3,HIGH,16.39,False
FAB_001,Premium Denim Grade-1,W09,0.0,4351.0,0.0,2290,0.0,4351.0,435100.0,3,HIGH,16.39,False
FAB_001,Premium Denim Grade-1,W10,0.0,4351.0,0.0,2290,0.0,4351.0,435100.0,3,HIGH,16.39,False
FAB_001,Premium Denim Grade-1,W11,0.0,4351.0,0.0,2290,0.0,4351.0,435100.0,3,HIGH,16.39,False
FAB_001,Premium Denim Grade-1,W12,0.0,4351.0,0.0,2290,0.0,4351.0,435100.0,3,HIGH,16.39,False
FAB_001,Premium Denim Grade-1,M04,0.0,4351.0,0.0,2290,0.0,4351.0,435100.0,3,HIGH,16.39,False
FAB_001,Premium Denim Grade-1,M05,0.0,4351.0,0.0,2290,0.0,4351.0,435100.0,3,HIGH,16.39,False
FAB_001,Premium Denim Grade-1,M06,0.0,4351.0,0.0,2290,0.0,4351.0,435100.0,3,HIGH,16.39,False
FAB_002,Premium Cotton Grade-2,W01,2464.56,7729.4,1380.25,5521,0.0,6645.09,369.6,3,HIGH,9.74,False
FAB_002,Premium Cotton Grade-2,W02,2497.32,6645.09,1380.25,5521,0.0,5528.02,321.4,3,HIGH,9.74,False
FAB_002,Premium Cotton Grade-2,W03,2552.76,5528.02,0.0,5521,2545.74,2975.26,216.6,3,HIGH,9.74,True
FAB_002,Premium Cotton Grade-2,W04,2451.96,2975.26,0.0,5521,4997.7,523.3,121.3,3,HIGH,9.74,True
FAB_002,Premium Cotton Grade-2,W05,2280.6,523.3,0.0,5521,7278.3,0.0,22.9,3,HIGH,9.74,True
FAB_002,Premium Cotton Grade-2,W06,3399.48,0.0,0.0,5521,8920.48,0.0,0.0,3,HIGH,9.74,True
FAB_002,Premium Cotton Grade-2,W07,2159.64,0.0,0.0,5521,7680.64,0.0,0.0,3,HIGH,9.74,True
FAB_002,Premium Cotton Grade-2,W08,1920.24,0.0,0.0,5521,7441.24,0.0,0.0,3,HIGH,9.74,True
FAB_002,Premium Cotton Grade-2,W09,1970.64,0.0,0.0,5521,7491.64,0.0,0.0,3,HIGH,9.74,True
FAB_002,Premium Cotton Grade-2,W10,1806.84,0.0,0.0,5521,7327.84,0.0,0.0,3,HIGH,9.74,True
FAB_002,Premium Cotton Grade-2,W11,1882.44,0.0,0.0,5521,7403.44,0.0,0.0,3,HIGH,9.74,True
FAB_002,Premium Cotton Grade-2,W12,2086.56,0.0,0.0,5521,7607.56,0.0,0.0,3,HIGH,9.74,True
FAB_002,Premium Cotton Grade-2,M04,2537.64,0.0,0.0,5521,8058.64,0.0,0.0,3,HIGH,9.74,True
FAB_002,Premium Cotton Grade-2,M05,2497.32,0.0,0.0,5521,8018.32,0.0,0.0,3,HIGH,9.74,True
FAB_002,Premium Cotton Grade-2,M06,2409.12,0.0,0.0,5521,7930.12,0.0,0.0,3,HIGH,9.74,True
FAB_003,Premium Wool Grade-3,W01,13761.72,6636.0,1185.0,4740,10680.72,0.0,56.8,4,MEDIUM,15.01,True
FAB_003,Premium Wool Grade-3,W02,14442.12,0.0,1185.0,4740,17997.12,0.0,8.2,4,MEDIUM,15.01,True
FAB_003,Premium Wool Grade-3,W03,14815.08,0.0,0.0,4740,19555.08,0.0,0.0,4,MEDIUM,15.01,True
FAB_003,Premium Wool Grade-3,W04,14817.6,0.0,0.0,4740,19557.6,0.0,0.0,4,MEDIUM,15.01,True
FAB_003,Premium Wool Grade-3,W05,14275.8,0.0,0.0,4740,19015.8,0.0,0.0,4,MEDIUM,15.01,True
FAB_003,Premium Wool Grade-3,W06,19711.44,0.0,0.0,4740,24451.44,0.0,0.0,4,MEDIUM,15.01,True
FAB_003,Premium Wool Grade-3,W07,12302.64,0.0,0.0,4740,17042.64,0.0,0.0,4,MEDIUM,15.01,True
FAB_003,Premium Wool Grade-3,W08,11297.16,0.0,0.0,4740,16037.16,0.0,0.0,4,MEDIUM,15.01,True
FAB_003,Premium Wool Grade-3,W09,10931.76,0.0,0.0,4740,15671.76,0.0,0.0,4,MEDIUM,15.01,True
FAB_003,Premium Wool Grade-3,W10,10967.04,0.0,0.0,4740,15707.04,0.0,0.0,4,MEDIUM,15.01,True
FAB_003,Premium Wool Grade-3,W11,11357.64,0.0,0.0,4740,16097.64,0.0,0.0,4,MEDIUM,15.01,True
FAB_003,Premium Wool Grade-3,W12,12451.32,0.0,0.0,4740,17191.32,0.0,0.0,4,MEDIUM,15.01,True
FAB_003,Premium Wool Grade-3,M04,14583.24,0.0,0.0,4740,19323.24,0.0,0.0,4,MEDIUM,15.01,True
FAB_003,Premium Wool Grade-3,M05,14230.44,0.0,0.0,4740,18970.44,0.0,0.0,4,MEDIUM,15.01,True
FAB_003,Premium Wool Grade-3,M06,13550.04,0.0,0.0,4740,18290.04,0.0,0.0,4,MEDIUM,15.01,True
FAB_004,Premium Denim Grade-4,W01,2750.92,8163.4,1457.75,5831,0.0,6870.23,349.7,5,HIGH,15.48,False
FAB_004,Premium Denim Grade-4,W02,2825.54,6870.23,1457.75,5831,328.56,5502.44,294.7,5,HIGH,15.48,True
FAB_004,Premium Denim Grade-4,W03,2920.52,5502.44,0.0,5831,3249.08,2581.92,188.4,5,HIGH,15.48,True
FAB_004,Premium Denim Grade-4,W04,2981.56,2581.92,0.0,5831,6230.64,0.0,86.6,5,HIGH,15.48,True
FAB_004,Premium Denim Grade-4,W05,2784.83,0.0,0.0,5831,8615.83,0.0,0.0,5,HIGH,15.48,True
FAB_004,Premium Denim Grade-4,W06,2588.1,0.0,0.0,5831,8419.1,0.0,0.0,5,HIGH,15.48,True
FAB_004,Premium Denim Grade-4,W07,2404.93,0.0,0.0,5831,8235.93,0.0,0.0,5,HIGH,15.48,True
FAB_004,Premium Denim Grade-4,W08,2184.45,0.0,0.0,5831,8015.45,0.0,0.0,5,HIGH,15.48,True
FAB_004,Premium Denim Grade-4,W09,2252.29,0.0,0.0,5831,8083.29,0.0,0.0,5,HIGH,15.48,True
FAB_004,Premium Denim Grade-4,W10,2184.45,0.0,0.0,5831,8015.45,0.0,0.0,5,HIGH,15.48,True
FAB_004,Premium Denim Grade-4,W11,2248.9,0.0,0.0,5831,8079.9,0.0,0.0,5,HIGH,15.48,True
FAB_004,Premium Denim Grade-4,W12,2489.72,0.0,0.0,5831,8320.72,0.0,0.0,5,HIGH,15.48,True
FAB_004,Premium Denim Grade-4,M04,2927.3,0.0,0.0,5831,8758.3,0.0,0.0,5,HIGH,15.48,True
FAB_004,Premium Denim Grade-4,M05,2896.77,0.0,0.0,5831,8727.77,0.0,0.0,5,HIGH,15.48,True
FAB_004,Premium Denim Grade-4,M06,2781.44,0.0,0.0,5831,8612.44,0.0,0.0,5,HIGH,15.48,True
FAB_005,Premium Poly-Blend Grade-5,W01,11715.97,7429.8,1326.75,5307,8266.42,0.0,74.7,4,MEDIUM,10.0,True
FAB_005,Premium Poly-Blend Grade-5,W02,12000.89,0.0,1326.75,5307,15981.14,0.0,11.1,4,MEDIUM,10.0,True
FAB_005,Premium Poly-Blend Grade-5,W03,12319.74,0.0,0.0,5307,17626.74,0.0,0.0,4,MEDIUM,10.0,True
FAB_005,Premium Poly-Blend Grade-5,W04,12323.14,0.0,0.0,5307,17630.14,0.0,0.0,4,MEDIUM,10.0,True
FAB_005,Premium Poly-Blend Grade-5,W05,11838.08,0.0,0.0,5307,17145.08,0.0,0.0,4,MEDIUM,10.0,True
FAB_005,Premium Poly-Blend Grade-5,W06,11095.23,0.0,0.0,5307,16402.23,0.0,0.0,4,MEDIUM,10.0,True
FAB_005,Premium Poly-Blend Grade-5,W07,10254.01,0.0,0.0,5307,15561.01,0.0,0.0,4,MEDIUM,10.0,True
FAB_005,Premium Poly-Blend Grade-5,W08,9541.69,0.0,0.0,5307,14848.69,0.0,0.0,4,MEDIUM,10.0,True
FAB_005,Premium Poly-Blend Grade-5,W09,9412.8,0.0,0.0,5307,14719.8,0.0,0.0,4,MEDIUM,10.0,True
FAB_005,Premium Poly-Blend Grade-5,W10,9253.37,0.0,0.0,5307,14560.37,0.0,0.0,4,MEDIUM,10.0,True
FAB_005,Premium Poly-Blend Grade-5,W11,9738.43,0.0,0.0,5307,15045.43,0.0,0.0,4,MEDIUM,10.0,True
FAB_005,Premium Poly-Blend Grade-5,W12,10365.95,0.0,0.0,5307,15672.95,0.0,0.0,4,MEDIUM,10.0,True
FAB_005,Premium Poly-Blend Grade-5,M04,12390.97,0.0,0.0,5307,17697.97,0.0,0.0,4,MEDIUM,10.0,True
FAB_005,Premium Poly-Blend Grade-5,M05,12102.66,0.0,0.0,5307,17409.66,0.0,0.0,4,MEDIUM,10.0,True
FAB_005,Premium Poly-Blend Grade-5,M06,11627.77,0.0,0.0,5307,16934.77,0.0,0.0,4,MEDIUM,10.0,True
FAB_006,Premium Denim Grade-6,W01,4156.67,5271.0,941.25,3765,1709.42,2055.58,149.5,5,MEDIUM,7.25,True
FAB_006,Premium Denim Grade-6,W02,4344.7,2055.58,941.25,3765,5112.87,0.0,69.0,5,MEDIUM,7.25,True
FAB_006,Premium Denim Grade-6,W03,4446.21,0.0,0.0,3765,8211.21,0.0,0.0,5,MEDIUM,7.25,True
FAB_006,Premium Denim Grade-6,W04,4456.19,0.0,0.0,3765,8221.19,0.0,0.0,5,MEDIUM,7.25,True
FAB_006,Premium Denim Grade-6,W05,4224.9,0.0,0.0,3765,7989.9,0.0,0.0,5,MEDIUM,7.25,True
FAB_006,Premium Denim Grade-6,W06,3998.59,0.0,0.0,3765,7763.59,0.0,0.0,5,MEDIUM,7.25,True
FAB_006,Premium Denim Grade-6,W07,3590.91,0.0,0.0,3765,7355.91,0.0,0.0,5,MEDIUM,7.25,True
FAB_006,Premium Denim Grade-6,W08,3424.52,0.0,0.0,3765,7189.52,0.0,0.0,5,MEDIUM,7.25,True
FAB_006,Premium Denim Grade-6,W09,3381.25,0.0,0.0,3765,7146.25,0.0,0.0,5,MEDIUM,7.25,True
FAB_006,Premium Denim Grade-6,W10,3444.48,0.0,0.0,3765,7209.48,0.0,0.0,5,MEDIUM,7.25,True
FAB_006,Premium Denim Grade-6,W11,3532.68,0.0,0.0,3765,7297.68,0.0,0.0,5,MEDIUM,7.25,True
FAB_006,Premium Denim Grade-6,W12,3690.75,0.0,0.0,3765,7455.75,0.0,0.0,5,MEDIUM,7.25,True
FAB_006,Premium Denim Grade-6,M04,4491.13,0.0,0.0,3765,8256.13,0.0,0.0,5,MEDIUM,7.25,True
FAB_006,Premium Denim Grade-6,M05,4389.64,0.0,0.0,3765,8154.64,0.0,0.0,5,MEDIUM,7.25,True
FAB_006,Premium Denim Grade-6,M06,4219.9,0.0,0.0,3765,7984.9,0.0,0.0,5,MEDIUM,7.25,True
FAB_007,Premium Nylon Grade-7,W01,996.74,3109.4,555.25,2221,0.0,2667.91,367.7,5,HIGH,13.11,False
FAB_007,Premium Nylon Grade-7,W02,1008.38,2667.91,555.25,2221,6.22,2214.78,319.6,5,HIGH,13.11,True
FAB_007,Premium Nylon Grade-7,W03,1098.24,2214.78,0.0,2221,1104.46,1116.54,201.7,5,HIGH,13.11,True
FAB_007,Premium Nylon Grade-7,W04,1079.94,1116.54,0.0,2221,2184.4,36.6,103.4,5,HIGH,13.11,True
FAB_007,Premium Nylon Grade-7,W05,1053.31,36.6,0.0,2221,3237.71,0.0,3.5,5,HIGH,13.11,True
FAB_007,Premium Nylon Grade-7,W06,928.51,0.0,0.0,2221,3149.51,0.0,0.0,5,HIGH,13.11,True
FAB_007,Premium Nylon Grade-7,W07,876.93,0.0,0.0,2221,3097.93,0.0,0.0,5,HIGH,13.11,True
FAB_007,Premium Nylon Grade-7,W08,803.71,0.0,0.0,2221,3024.71,0.0,0.0,5,HIGH,13.11,True
FAB_007,Premium Nylon Grade-7,W09,818.69,0.0,0.0,2221,3039.69,0.0,0.0,5,HIGH,13.11,True
FAB_007,Premium Nylon Grade-7,W10,763.78,0.0,0.0,2221,2984.78,0.0,0.0,5,HIGH,13.11,True
FAB_007,Premium Nylon Grade-7,W11,868.61,0.0,0.0,2221,3089.61,0.0,0.0,5,HIGH,13.11,True
FAB_007,Premium Nylon Grade-7,W12,900.22,0.0,0.0,2221,3121.22,0.0,0.0,5,HIGH,13.11,True
FAB_007,Premium Nylon Grade-7,M04,1016.7,0.0,0.0,2221,3237.7,0.0,0.0,5,HIGH,13.11,True
FAB_007,Premium Nylon Grade-7,M05,1089.92,0.0,0.0,2221,3310.92,0.0,0.0,5,HIGH,13.11,True
FAB_007,Premium Nylon Grade-7,M06,938.5,0.0,0.0,2221,3159.5,0.0,0.0,5,HIGH,13.11,True
FAB_008,Premium Wool Grade-8,W01,8606.21,4744.6,847.25,3389,6403.36,0.0,65.0,5,HIGH,6.62,True
FAB_008,Premium Wool Grade-8,W02,9298.44,0.0,847.25,3389,11840.19,0.0,9.1,5,HIGH,6.62,True
FAB_008,Premium Wool Grade-8,W03,9240.19,0.0,0.0,3389,12629.19,0.0,0.0,5,HIGH,6.62,True
FAB_008,Premium Wool Grade-8,W04,9152.0,0.0,0.0,3389,12541.0,0.0,0.0,5,HIGH,6.62,True
FAB_008,Premium Wool Grade-8,W05,8637.81,0.0,0.0,3389,12026.81,0.0,0.0,5,HIGH,6.62,True
FAB_008,Premium Wool Grade-8,W06,8301.69,0.0,0.0,3389,11690.69,0.0,0.0,5,HIGH,6.62,True
FAB_008,Premium Wool Grade-8,W07,7478.01,0.0,0.0,3389,10867.01,0.0,0.0,5,HIGH,6.62,True
FAB_008,Premium Wool Grade-8,W08,7116.92,0.0,0.0,3389,10505.92,0.0,0.0,5,HIGH,6.62,True
FAB_008,Premium Wool Grade-8,W09,7020.4,0.0,0.0,3389,10409.4,0.0,0.0,5,HIGH,6.62,True
FAB_008,Premium Wool Grade-8,W10,6953.85,0.0,0.0,3389,10342.85,0.0,0.0,5,HIGH,6.62,True
FAB_008,Premium Wool Grade-8,W11,7198.48,0.0,0.0,3389,10587.48,0.0,0.0,5,HIGH,6.62,True
FAB_008,Premium Wool Grade-8,W12,7644.42,0.0,0.0,3389,11033.42,0.0,0.0,5,HIGH,6.62,True
FAB_008,Premium Wool Grade-8,M04,9345.03,0.0,0.0,3389,12734.03,0.0,0.0,5,HIGH,6.62,True
FAB_008,Premium Wool Grade-8,M05,9155.32,0.0,0.0,3389,12544.32,0.0,0.0,5,HIGH,6.62,True
FAB_008,Premium Wool Grade-8,M06,8642.82,0.0,0.0,3389,12031.82,0.0,0.0,5,HIGH,6.62,True
FAB_009,Premium Denim Grade-9,W01,0.0,5371.8,959.25,3837,0.0,6331.05,633105.0,5,LOW,9.04,False
FAB_009,Premium Denim Grade-9,W02,0.0,6331.05,959.25,3837,0.0,7290.3,729030.0,5,LOW,9.04,False
FAB_009,Premium Denim Grade-9,W03,0.0,7290.3,0.0,3837,0.0,7290.3,729030.0,5,LOW,9.04,False
FAB_009,Premium Denim Grade-9,W04,0.0,7290.3,0.0,3837,0.0,7290.3,729030.0,5,LOW,9.04,False
FAB_009,Premium Denim Grade-9,W05,0.0,7290.3,0.0,3837,0.0,7290.3,729030.0,5,LOW,9.04,False
FAB_009,Premium Denim Grade-9,W06,0.0,7290.3,0.0,3837,0.0,7290.3,729030.0,5,LOW,9.04,False
FAB_009,Premium Denim Grade-9,W07,0.0,7290.3,0.0,3837,0.0,7290.3,729030.0,5,LOW,9.04,False
FAB_009,Premium Denim Grade-9,W08,0.0,7290.3,0.0,3837,0.0,7290.3,729030.0,5,LOW,9.04,False
FAB_009,Premium Denim Grade-9,W09,0.0,7290.3,0.0,3837,0.0,7290.3,729030.0,5,LOW,9.04,False
FAB_009,Premium Denim Grade-9,W10,0.0,7290.3,0.0,3837,0.0,7290.3,729030.0,5,LOW,9.04,False
FAB_009,Premium Denim Grade-9,W11,0.0,7290.3,0.0,3837,0.0,7290.3,729030.0,5,LOW,9.04,False
FAB_009,Premium Denim Grade-9,W12,0.0,7290.3,0.0,3837,0.0,7290.3,729030.0,5,LOW,9.04,False
FAB_009,Premium Denim Grade-9,M04,0.0,7290.3,0.0,3837,0.0,7290.3,729030.0,5,LOW,9.04,False
FAB_009,Premium Denim Grade-9,M05,0.0,7290.3,0.0,3837,0.0,7290.3,729030.0,5,LOW,9.04,False
FAB_009,Premium Denim Grade-9,M06,0.0,7290.3,0.0,3837,0.0,7290.3,729030.0,5,LOW,9.04,False
FAB_010,Premium Nylon Grade-10,W01,6524.84,4232.2,755.75,3023,4559.89,0.0,76.4,4,LOW,8.89,True
FAB_010,Premium Nylon Grade-10,W02,6655.87,0.0,755.75,3023,8923.12,0.0,11.4,4,LOW,8.89,True
FAB_010,Premium Nylon Grade-10,W03,6916.66,0.0,0.0,3023,9939.66,0.0,0.0,4,LOW,8.89,True
FAB_010,Premium Nylon Grade-10,W04,6853.62,0.0,0.0,3023,9876.62,0.0,0.0,4,LOW,8.89,True
FAB_010,Premium Nylon Grade-10,W05,6514.95,0.0,0.0,3023,9537.95,0.0,0.0,4,LOW,8.89,True
FAB_010,Premium Nylon Grade-10,W06,9430.67,0.0,0.0,3023,12453.67,0.0,0.0,4,LOW,8.89,True
FAB_010,Premium Nylon Grade-10,W07,5683.12,0.0,0.0,3023,8706.12,0.0,0.0,4,LOW,8.89,True
FAB_010,Premium Nylon Grade-10,W08,5280.19,0.0,0.0,3023,8303.19,0.0,0.0,4,LOW,8.89,True
FAB_010,Premium Nylon Grade-10,W09,5172.65,0.0,0.0,3023,8195.65,0.0,0.0,4,LOW,8.89,True
FAB_010,Premium Nylon Grade-10,W10,5077.48,0.0,0.0,3023,8100.48,0.0,0.0,4,LOW,8.89,True
FAB_010,Premium Nylon Grade-10,W11,5278.95,0.0,0.0,3023,8301.95,0.0,0.0,4,LOW,8.89,True
FAB_010,Premium Nylon Grade-10,W12,5770.88,0.0,0.0,3023,8793.88,0.0,0.0,4,LOW,8.89,True
FAB_010,Premium Nylon Grade-10,M04,6825.19,0.0,0.0,3023,9848.19,0.0,0.0,4,LOW,8.89,True
FAB_010,Premium Nylon Grade-10,M05,6684.29,0.0,0.0,3023,9707.29,0.0,0.0,4,LOW,8.89,True
FAB_010,Premium Nylon Grade-10,M06,6411.13,0.0,0.0,3023,9434.13,0.0,0.0,4,LOW,8.89,True
FAB_011,Premium Poly-Blend Grade-11,W01,5977.29,3361.4,600.25,2401,4416.64,0.0,66.3,5,LOW,20.45,True
FAB_011,Premium Poly-Blend Grade-11,W02,6388.9,0.0,600.25,2401,8189.65,0.0,9.4,5,LOW,20.45,True
FAB_011,Premium Poly-Blend Grade-11,W03,6532.27,0.0,0.0,2401,8933.27,0.0,0.0,5,LOW,20.45,True
FAB_011,Premium Poly-Blend Grade-11,W04,6579.22,0.0,0.0,2401,8980.22,0.0,0.0,5,LOW,20.45,True
FAB_011,Premium Poly-Blend Grade-11,W05,6402.48,0.0,0.0,2401,8803.48,0.0,0.0,5,LOW,20.45,True
FAB_011,Premium Poly-Blend Grade-11,W06,8679.2,0.0,0.0,2401,11080.2,0.0,0.0,5,LOW,20.45,True
FAB_011,Premium Poly-Blend Grade-11,W07,5437.16,0.0,0.0,2401,7838.16,0.0,0.0,5,LOW,20.45,True
FAB_011,Premium Poly-Blend Grade-11,W08,4953.88,0.0,0.0,2401,7354.88,0.0,0.0,5,LOW,20.45,True
FAB_011,Premium Poly-Blend Grade-11,W09,4779.62,0.0,0.0,2401,7180.62,0.0,0.0,5,LOW,20.45,True
FAB_011,Premium Poly-Blend Grade-11,W10,4946.48,0.0,0.0,2401,7347.48,0.0,0.0,5,LOW,20.45,True
FAB_011,Premium Poly-Blend Grade-11,W11,5102.21,0.0,0.0,2401,7503.21,0.0,0.0,5,LOW,20.45,True
FAB_011,Premium Poly-Blend Grade-11,W12,5498.98,0.0,0.0,2401,7899.98,0.0,0.0,5,LOW,20.45,True
FAB_011,Premium Poly-Blend Grade-11,M04,6539.67,0.0,0.0,2401,8940.67,0.0,0.0,5,LOW,20.45,True
FAB_011,Premium Poly-Blend Grade-11,M05,6317.2,0.0,0.0,2401,8718.2,0.0,0.0,5,LOW,20.45,True
FAB_011,Premium Poly-Blend Grade-11,M06,5847.51,0.0,0.0,2401,8248.51,0.0,0.0,5,LOW,20.45,True
FAB_012,Premium Cotton Grade-12,W01,4355.52,3753.4,670.25,2681,2612.87,68.13,101.6,3,MEDIUM,23.43,True
FAB_012,Premium Cotton Grade-12,W02,4617.6,68.13,670.25,2681,6560.22,0.0,16.0,3,MEDIUM,23.43,True
FAB_012,Premium Cotton Grade-12,W03,4573.92,0.0,0.0,2681,7254.92,0.0,0.0,3,MEDIUM,23.43,True
FAB_012,Premium Cotton Grade-12,W04,4656.6,0.0,0.0,2681,7337.6,0.0,0.0,3,MEDIUM,23.43,True
FAB_012,Premium Cotton Grade-12,W05,4452.24,0.0,0.0,2681,7133.24,0.0,0.0,3,MEDIUM,23.43,True
FAB_012,Premium Cotton Grade-12,W06,4026.36,0.0,0.0,2681,6707.36,0.0,0.0,3,MEDIUM,23.43,True
FAB_012,Premium Cotton Grade-12,W07,3876.6,0.0,0.0,2681,6557.6,0.0,0.0,3,MEDIUM,23.43,True
FAB_012,Premium Cotton Grade-12,W08,3539.64,0.0,0.0,2681,6220.64,0.0,0.0,3,MEDIUM,23.43,True
FAB_012,Premium Cotton Grade-12,W09,3478.8,0.0,0.0,2681,6159.8,0.0,0.0,3,MEDIUM,23.43,True
FAB_012,Premium Cotton Grade-12,W10,3488.16,0.0,0.0,2681,6169.16,0.0,0.0,3,MEDIUM,23.43,True
FAB_012,Premium Cotton Grade-12,W11,3687.84,0.0,0.0,2681,6368.84,0.0,0.0,3,MEDIUM,23.43,True
FAB_012,Premium Cotton Grade-12,W12,3926.52,0.0,0.0,2681,6607.52,0.0,0.0,3,MEDIUM,23.43,True
FAB_012,Premium Cotton Grade-12,M04,4656.6,0.0,0.0,2681,7337.6,0.0,0.0,3,MEDIUM,23.43,True
FAB_012,Premium Cotton Grade-12,M05,4567.68,0.0,0.0,2681,7248.68,0.0,0.0,3,MEDIUM,23.43,True
FAB_012,Premium Cotton Grade-12,M06,4286.88,0.0,0.0,2681,6967.88,0.0,0.0,3,MEDIUM,23.43,True
FAB_013,Premium Poly-Blend Grade-13,W01,3932.76,7974.4,1424.0,5696,230.36,5465.64,239.0,4,LOW,14.41,True
FAB_013,Premium Poly-Blend Grade-13,W02,4020.12,5465.64,1424.0,5696,2826.48,2869.52,171.4,4,LOW,14.41,True
FAB_013,Premium Poly-Blend Grade-13,W03,4213.56,2869.52,0.0,5696,7040.04,0.0,68.1,4,LOW,14.41,True
FAB_013,Premium Poly-Blend Grade-13,W04,4116.84,0.0,0.0,5696,9812.84,0.0,0.0,4,LOW,14.41,True
FAB_013,Premium Poly-Blend Grade-13,W05,3979.56,0.0,0.0,5696,9675.56,0.0,0.0,4,LOW,14.41,True
FAB_013,Premium Poly-Blend Grade-13,W06,3768.96,0.0,0.0,5696,9464.96,0.0,0.0,4,LOW,14.41,True
FAB_013,Premium Poly-Blend Grade-13,W07,3466.32,0.0,0.0,5696,9162.32,0.0,0.0,4,LOW,14.41,True
FAB_013,Premium Poly-Blend Grade-13,W08,3224.52,0.0,0.0,5696,8920.52,0.0,0.0,4,LOW,14.41,True
FAB_013,Premium Poly-Blend Grade-13,W09,3182.4,0.0,0.0,5696,8878.4,0.0,0.0,4,LOW,14.41,True
FAB_013,Premium Poly-Blend Grade-13,W10,3115.32,0.0,0.0,5696,8811.32,0.0,0.0,4,LOW,14.41,True
FAB_013,Premium Poly-Blend Grade-13,W11,3261.96,0.0,0.0,5696,8957.96,0.0,0.0,4,LOW,14.41,True
FAB_013,Premium Poly-Blend Grade-13,W12,3505.32,0.0,0.0,5696,9201.32,0.0,0.0,4,LOW,14.41,True
FAB_013,Premium Poly-Blend Grade-13,M04,4183.92,0.0,0.0,5696,9879.92,0.0,0.0,4,LOW,14.41,True
FAB_013,Premium Poly-Blend Grade-13,M05,4059.12,0.0,0.0,5696,9755.12,0.0,0.0,4,LOW,14.41,True
FAB_013,Premium Poly-Blend Grade-13,M06,3992.04,0.0,0.0,5696,9688.04,0.0,0.0,4,LOW,14.41,True
FAB_014,Premium Wool-Blend Grade-14,W01,12818.34,7125.0,1875.0,7500,11318.34,0.0,70.2,6,HIGH,18.5,True
FAB_014,Premium Wool-Blend Grade-14,W02,13611.71,0.0,1875.0,7500,19236.71,0.0,13.8,6,HIGH,18.5,True
FAB_014,Premium Wool-Blend Grade-14,W03,13919.16,0.0,0.0,7500,21419.16,0.0,0.0,6,HIGH,18.5,True
FAB_014,Premium Wool-Blend Grade-14,W04,13889.7,0.0,0.0,7500,21389.7,0.0,0.0,6,HIGH,18.5,True
FAB_014,Premium Wool-Blend Grade-14,W05,13490.97,0.0,0.0,7500,20990.97,0.0,0.0,6,HIGH,18.5,True
FAB_014,Premium Wool-Blend Grade-14,W06,17078.62,0.0,0.0,7500,24578.62,0.0,0.0,6,HIGH,18.5,True
FAB_014,Premium Wool-Blend Grade-14,W07,11517.36,0.0,0.0,7500,19017.36,0.0,0.0,6,HIGH,18.5,True
FAB_014,Premium Wool-Blend Grade-14,W08,10629.77,0.0,0.0,7500,18129.77,0.0,0.0,6,HIGH,18.5,True
FAB_014,Premium Wool-Blend Grade-14,W09,10207.39,0.0,0.0,7500,17707.39,0.0,0.0,6,HIGH,18.5,True
FAB_014,Premium Wool-Blend Grade-14,W10,10583.83,0.0,0.0,7500,18083.83,0.0,0.0,6,HIGH,18.5,True
FAB_014,Premium Wool-Blend Grade-14,W11,11049.43,0.0,0.0,7500,18549.43,0.0,0.0,6,HIGH,18.5,True
FAB_014,Premium Wool-Blend Grade-14,W12,11743.29,0.0,0.0,7500,19243.29,0.0,0.0,6,HIGH,18.5,True
FAB_014,Premium Wool-Blend Grade-14,M04,14032.07,0.0,0.0,7500,21532.07,0.0,0.0,6,HIGH,18.5,True
FAB_014,Premium Wool-Blend Grade-14,M05,13538.46,0.0,0.0,7500,21038.46,0.0,0.0,6,HIGH,18.5,True
FAB_014,Premium Wool-Blend Grade-14,M06,12626.33,0.0,0.0,7500,20126.33,0.0,0.0,6,HIGH,18.5,True
FAB_015,Premium Linen Grade-15,W01,728.18,7291.2,1302.0,5208,0.0,7865.02,1180.1,5,HIGH,13.33,False
FAB_015,Premium Linen Grade-15,W02,750.12,7865.02,1302.0,5208,0.0,8416.9,1222.1,5,HIGH,13.33,False
FAB_015,Premium Linen Grade-15,W03,807.98,8416.9,0.0,5208,0.0,7608.92,1041.7,5,HIGH,13.33,False
FAB_015,Premium Linen Grade-15,W04,772.06,7608.92,0.0,5208,0.0,6836.86,985.5,5,HIGH,13.33,False
FAB_015,Premium Linen Grade-15,W05,714.21,6836.86,0.0,5208,0.0,6122.65,957.3,5,HIGH,13.33,False
FAB_015,Premium Linen Grade-15,W06,672.32,6122.65,0.0,5208,0.0,5450.33,910.7,5,HIGH,13.33,False
FAB_015,Premium Linen Grade-15,W07,640.4,5450.33,0.0,5208,398.07,4809.93,851.1,5,HIGH,13.33,True
FAB_015,Premium Linen Grade-15,W08,596.5,4809.93,0.0,5208,994.57,4213.43,806.4,5,HIGH,13.33,True
FAB_015,Premium Linen Grade-15,W09,556.6,4213.43,0.0,5208,1551.17,3656.83,757.0,5,HIGH,13.33,True
FAB_015,Premium Linen Grade-15,W10,600.5,3656.83,0.0,5208,2151.67,3056.33,609.0,5,HIGH,13.33,True
FAB_015,Premium Linen Grade-15,W11,622.44,3056.33,0.0,5208,2774.11,2433.89,491.0,5,HIGH,13.33,True
FAB_015,Premium Linen Grade-15,W12,656.36,2433.89,0.0,5208,3430.47,1777.53,370.8,5,HIGH,13.33,True
FAB_015,Premium Linen Grade-15,M04,790.02,1777.53,0.0,5208,4220.49,987.51,225.0,5,HIGH,13.33,True
FAB_015,Premium Linen Grade-15,M05,738.15,987.51,0.0,5208,4958.64,249.36,133.8,5,HIGH,13.33,True
FAB_015,Premium Linen Grade-15,M06,718.2,249.36,0.0,5208,5676.84,0.0,34.7,5,HIGH,13.33,True
FAB_016,Premium Poly-Blend Grade-16,W01,6184.49,4047.4,722.75,2891,4305.34,0.0,77.1,4,LOW,8.36,True
FAB_016,Premium Poly-Blend Grade-16,W02,6533.62,0.0,722.75,2891,8701.87,0.0,11.1,4,LOW,8.36,True
FAB_016,Premium Poly-Blend Grade-16,W03,6683.25,0.0,0.0,2891,9574.25,0.0,0.0,4,LOW,8.36,True
FAB_016,Premium Poly-Blend Grade-16,W04,6633.37,0.0,0.0,2891,9524.37,0.0,0.0,4,LOW,8.36,True
FAB_016,Premium Poly-Blend Grade-16,W05,6332.13,0.0,0.0,2891,9223.13,0.0,0.0,4,LOW,8.36,True
FAB_016,Premium Poly-Blend Grade-16,W06,5785.5,0.0,0.0,2891,8676.5,0.0,0.0,4,LOW,8.36,True
FAB_016,Premium Poly-Blend Grade-16,W07,5330.63,0.0,0.0,2891,8221.63,0.0,0.0,4,LOW,8.36,True
FAB_016,Premium Poly-Blend Grade-16,W08,5121.17,0.0,0.0,2891,8012.17,0.0,0.0,4,LOW,8.36,True
FAB_016,Premium Poly-Blend Grade-16,W09,4935.63,0.0,0.0,2891,7826.63,0.0,0.0,4,LOW,8.36,True
FAB_016,Premium Poly-Blend Grade-16,W10,4993.47,0.0,0.0,2891,7884.47,0.0,0.0,4,LOW,8.36,True
FAB_016,Premium Poly-Blend Grade-16,W11,5131.14,0.0,0.0,2891,8022.14,0.0,0.0,4,LOW,8.36,True
FAB_016,Premium Poly-Blend Grade-16,W12,5420.42,0.0,0.0,2891,8311.42,0.0,0.0,4,LOW,8.36,True
FAB_016,Premium Poly-Blend Grade-16,M04,6705.2,0.0,0.0,2891,9596.2,0.0,0.0,4,LOW,8.36,True
FAB_016,Premium Poly-Blend Grade-16,M05,6495.7,0.0,0.0,2891,9386.7,0.0,0.0,4,LOW,8.36,True
FAB_016,Premium Poly-Blend Grade-16,M06,6216.43,0.0,0.0,2891,9107.43,0.0,0.0,4,LOW,8.36,True
FAB_017,Premium Cotton Grade-17,W01,6280.26,3087.0,551.25,2205,4847.01,0.0,57.9,3,HIGH,19.34,True
FAB_017,Premium Cotton Grade-17,W02,6583.49,0.0,551.25,2205,8237.24,0.0,8.4,3,HIGH,19.34,True
FAB_017,Premium Cotton Grade-17,W03,6661.31,0.0,0.0,2205,8866.31,0.0,0.0,3,HIGH,19.34,True
FAB_017,Premium Cotton Grade-17,W04,6593.47,0.0,0.0,2205,8798.47,0.0,0.0,3,HIGH,19.34,True
FAB_017,Premium Cotton Grade-17,W05,6290.23,0.0,0.0,2205,8495.23,0.0,0.0,3,HIGH,19.34,True
FAB_017,Premium Cotton Grade-17,W06,5961.06,0.0,0.0,2205,8166.06,0.0,0.0,3,HIGH,19.34,True
FAB_017,Premium Cotton Grade-17,W07,5536.13,0.0,0.0,2205,7741.13,0.0,0.0,3,HIGH,19.34,True
FAB_017,Premium Cotton Grade-17,W08,5278.76,0.0,0.0,2205,7483.76,0.0,0.0,3,HIGH,19.34,True
FAB_017,Premium Cotton Grade-17,W09,5115.17,0.0,0.0,2205,7320.17,0.0,0.0,3,HIGH,19.34,True
FAB_017,Premium Cotton Grade-17,W10,5017.42,0.0,0.0,2205,7222.42,0.0,0.0,3,HIGH,19.34,True
FAB_017,Premium Cotton Grade-17,W11,5292.73,0.0,0.0,2205,7497.73,0.0,0.0,3,HIGH,19.34,True
FAB_017,Premium Cotton Grade-17,W12,5739.62,0.0,0.0,2205,7944.62,0.0,0.0,3,HIGH,19.34,True
FAB_017,Premium Cotton Grade-17,M04,6481.75,0.0,0.0,2205,8686.75,0.0,0.0,3,HIGH,19.34,True
FAB_017,Premium Cotton Grade-17,M05,6535.62,0.0,0.0,2205,8740.62,0.0,0.0,3,HIGH,19.34,True
FAB_017,Premium Cotton Grade-17,M06,6346.09,0.0,0.0,2205,8551.09,0.0,0.0,3,HIGH,19.34,True
FAB_018,Premium Poly-Blend Grade-18,W01,2450.45,3701.6,661.0,2644,731.85,1912.15,178.0,5,LOW,14.8,True
FAB_018,Premium Poly-Blend Grade-18,W02,2635.78,1912.15,661.0,2644,2706.63,0.0,97.6,5,LOW,14.8,True
FAB_018,Premium Poly-Blend Grade-18,W03,2658.66,0.0,0.0,2644,5302.66,0.0,0.0,5,LOW,14.8,True
FAB_018,Premium Poly-Blend Grade-18,W04,2658.66,0.0,0.0,2644,5302.66,0.0,0.0,5,LOW,14.8,True
FAB_018,Premium Poly-Blend Grade-18,W05,2594.6,0.0,0.0,2644,5238.6,0.0,0.0,5,LOW,14.8,True
FAB_018,Premium Poly-Blend Grade-18,W06,2384.1,0.0,0.0,2644,5028.1,0.0,0.0,5,LOW,14.8,True
FAB_018,Premium Poly-Blend Grade-18,W07,2196.48,0.0,0.0,2644,4840.48,0.0,0.0,5,LOW,14.8,True
FAB_018,Premium Poly-Blend Grade-18,W08,2125.56,0.0,0.0,2644,4769.56,0.0,0.0,5,LOW,14.8,True
FAB_018,Premium Poly-Blend Grade-18,W09,2013.44,0.0,0.0,2644,4657.44,0.0,0.0,5,LOW,14.8,True
FAB_018,Premium Poly-Blend Grade-18,W10,2024.88,0.0,0.0,2644,4668.88,0.0,0.0,5,LOW,14.8,True
FAB_018,Premium Poly-Blend Grade-18,W11,2100.38,0.0,0.0,2644,4744.38,0.0,0.0,5,LOW,14.8,True
FAB_018,Premium Poly-Blend Grade-18,W12,2290.28,0.0,0.0,2644,4934.28,0.0,0.0,5,LOW,14.8,True
FAB_018,Premium Poly-Blend Grade-18,M04,2718.15,0.0,0.0,2644,5362.15,0.0,0.0,5,LOW,14.8,True
FAB_018,Premium Poly-Blend Grade-18,M05,2681.54,0.0,0.0,2644,5325.54,0.0,0.0,5,LOW,14.8,True
FAB_018,Premium Poly-Blend Grade-18,M06,2507.65,0.0,0.0,2644,5151.65,0.0,0.0,5,LOW,14.8,True
FAB_019,Premium Wool Grade-19,W01,9438.0,6211.8,1109.25,4437,6553.95,0.0,77.6,3,LOW,21.25,True
FAB_019,Premium Wool Grade-19,W02,9659.94,0.0,1109.25,4437,12987.69,0.0,11.5,3,LOW,21.25,True
FAB_019,Premium Wool Grade-19,W03,10110.67,0.0,0.0,4437,14547.67,0.0,0.0,3,LOW,21.25,True
FAB_019,Premium Wool Grade-19,W04,9751.45,0.0,0.0,4437,14188.45,0.0,0.0,3,LOW,21.25,True
FAB_019,Premium Wool Grade-19,W05,9806.37,0.0,0.0,4437,14243.37,0.0,0.0,3,LOW,21.25,True
FAB_019,Premium Wool Grade-19,W06,8914.05,0.0,0.0,4437,13351.05,0.0,0.0,3,LOW,21.25,True
FAB_019,Premium Wool Grade-19,W07,8305.45,0.0,0.0,4437,12742.45,0.0,0.0,3,LOW,21.25,True
FAB_019,Premium Wool Grade-19,W08,7534.39,0.0,0.0,4437,11971.39,0.0,0.0,3,LOW,21.25,True
FAB_019,Premium Wool Grade-19,W09,7374.22,0.0,0.0,4437,11811.22,0.0,0.0,3,LOW,21.25,True
FAB_019,Premium Wool Grade-19,W10,7365.07,0.0,0.0,4437,11802.07,0.0,0.0,3,LOW,21.25,True
FAB_019,Premium Wool Grade-19,W11,7955.38,0.0,0.0,4437,12392.38,0.0,0.0,3,LOW,21.25,True
FAB_019,Premium Wool Grade-19,W12,8337.47,0.0,0.0,4437,12774.47,0.0,0.0,3,LOW,21.25,True
FAB_019,Premium Wool Grade-19,M04,10005.43,0.0,0.0,4437,14442.43,0.0,0.0,3,LOW,21.25,True
FAB_019,Premium Wool Grade-19,M05,9817.8,0.0,0.0,4437,14254.8,0.0,0.0,3,LOW,21.25,True
FAB_019,Premium Wool Grade-19,M06,9165.74,0.0,0.0,4437,13602.74,0.0,0.0,3,LOW,21.25,True
FAB_020,Premium Denim Grade-20,W01,1832.69,4211.2,752.0,3008,0.0,3130.51,270.8,5,HIGH,12.97,False
FAB_020,Premium Denim Grade-20,W02,1960.82,3130.51,752.0,3008,1086.31,1921.69,198.0,5,HIGH,12.97,True
FAB_020,Premium Denim Grade-20,W03,1892.18,1921.69,0.0,3008,2978.49,29.51,101.6,5,HIGH,12.97,True
FAB_020,Premium Denim Grade-20,W04,1873.87,29.51,0.0,3008,4852.36,0.0,1.6,5,HIGH,12.97,True
FAB_020,Premium Denim Grade-20,W05,1880.74,0.0,0.0,3008,4888.74,0.0,0.0,5,HIGH,12.97,True
FAB_020,Premium Denim Grade-20,W06,1791.5,0.0,0.0,3008,4799.5,0.0,0.0,5,HIGH,12.97,True
FAB_020,Premium Denim Grade-20,W07,1638.21,0.0,0.0,3008,4646.21,0.0,0.0,5,HIGH,12.97,True
FAB_020,Premium Denim Grade-20,W08,1439.15,0.0,0.0,3008,4447.15,0.0,0.0,5,HIGH,12.97,True
FAB_020,Premium Denim Grade-20,W09,1439.15,0.0,0.0,3008,4447.15,0.0,0.0,5,HIGH,12.97,True
FAB_020,Premium Denim Grade-20,W10,1482.62,0.0,0.0,3008,4490.62,0.0,0.0,5,HIGH,12.97,True
FAB_020,Premium Denim Grade-20,W11,1553.55,0.0,0.0,3008,4561.55,0.0,0.0,5,HIGH,12.97,True
FAB_020,Premium Denim Grade-20,W12,1690.83,0.0,0.0,3008,4698.83,0.0,0.0,5,HIGH,12.97,True
FAB_020,Premium Denim Grade-20,M04,1935.65,0.0,0.0,3008,4943.65,0.0,0.0,5,HIGH,12.97,True
FAB_020,Premium Denim Grade-20,M05,1857.86,0.0,0.0,3008,4865.86,0.0,0.0,5,HIGH,12.97,True
FAB_020,Premium Denim Grade-20,M06,1828.11,0.0,0.0,3008,4836.11,0.0,0.0,5,HIGH,12.97,True
FAB_021,Premium Cotton Grade-21,W01,0.0,6568.8,1173.0,4692,0.0,7741.8,774180.0,4,HIGH,16.96,False
FAB_021,Premium Cotton Grade-21,W02,0.0,7741.8,1173.0,4692,0.0,8914.8,891480.0,4,HIGH,16.96,False
FAB_021,Premium Cotton Grade-21,W03,0.0,8914.8,0.0,4692,0.0,8914.8,891480.0,4,HIGH,16.96,False
FAB_021,Premium Cotton Grade-21,W04,0.0,8914.8,0.0,4692,0.0,8914.8,891480.0,4,HIGH,16.96,False
FAB_021,Premium Cotton Grade-21,W05,0.0,8914.8,0.0,4692,0.0,8914.8,891480.0,4,HIGH,16.96,False
FAB_021,Premium Cotton Grade-21,W06,0.0,8914.8,0.0,4692,0.0,8914.8,891480.0,4,HIGH,16.96,False
FAB_021,Premium Cotton Grade-21,W07,0.0,8914.8,0.0,4692,0.0,8914.8,891480.0,4,HIGH,16.96,False
FAB_021,Premium Cotton Grade-21,W08,0.0,8914.8,0.0,4692,0.0,8914.8,891480.0,4,HIGH,16.96,False
FAB_021,Premium Cotton Grade-21,W09,0.0,8914.8,0.0,4692,0.0,8914.8,891480.0,4,HIGH,16.96,False
FAB_021,Premium Cotton Grade-21,W10,0.0,8914.8,0.0,4692,0.0,8914.8,891480.0,4,HIGH,16.96,False
FAB_021,Premium Cotton Grade-21,W11,0.0,8914.8,0.0,4692,0.0,8914.8,891480.0,4,HIGH,16.96,False
FAB_021,Premium Cotton Grade-21,W12,0.0,8914.8,0.0,4692,0.0,8914.8,891480.0,4,HIGH,16.96,False
FAB_021,Premium Cotton Grade-21,M04,0.0,8914.8,0.0,4692,0.0,8914.8,891480.0,4,HIGH,16.96,False
FAB_021,Premium Cotton Grade-21,M05,0.0,8914.8,0.0,4692,0.0,8914.8,891480.0,4,HIGH,16.96,False
FAB_021,Premium Cotton Grade-21,M06,0.0,8914.8,0.0,4692,0.0,8914.8,891480.0,4,HIGH,16.96,False
FAB_022,Premium Silk Grade-22,W01,2131.28,6640.2,1185.75,4743,0.0,5694.67,367.2,3,HIGH,22.79,False
FAB_022,Premium Silk Grade-22,W02,2232.22,5694.67,1185.75,4743,94.8,4648.2,308.2,3,HIGH,22.79,True
FAB_022,Premium Silk Grade-22,W03,2373.53,4648.2,0.0,4743,2468.33,2274.67,195.8,3,HIGH,22.79,True
FAB_022,Premium Silk Grade-22,W04,2243.76,2274.67,0.0,4743,4712.09,30.91,101.4,3,HIGH,22.79,True
FAB_022,Premium Silk Grade-22,W05,2261.06,30.91,0.0,4743,6973.15,0.0,1.4,3,HIGH,22.79,True
FAB_022,Premium Silk Grade-22,W06,2132.72,0.0,0.0,4743,6875.72,0.0,0.0,3,HIGH,22.79,True
FAB_022,Premium Silk Grade-22,W07,1890.46,0.0,0.0,4743,6633.46,0.0,0.0,3,HIGH,22.79,True
FAB_022,Premium Silk Grade-22,W08,1840.0,0.0,0.0,4743,6583.0,0.0,0.0,3,HIGH,22.79,True
FAB_022,Premium Silk Grade-22,W09,1715.98,0.0,0.0,4743,6458.98,0.0,0.0,3,HIGH,22.79,True
FAB_022,Premium Silk Grade-22,W10,1723.19,0.0,0.0,4743,6466.19,0.0,0.0,3,HIGH,22.79,True
FAB_022,Premium Silk Grade-22,W11,1799.61,0.0,0.0,4743,6542.61,0.0,0.0,3,HIGH,22.79,True
FAB_022,Premium Silk Grade-22,W12,1943.81,0.0,0.0,4743,6686.81,0.0,0.0,3,HIGH,22.79,True
FAB_022,Premium Silk Grade-22,M04,2389.39,0.0,0.0,4743,7132.39,0.0,0.0,3,HIGH,22.79,True
FAB_022,Premium Silk Grade-22,M05,2310.08,0.0,0.0,4743,7053.08,0.0,0.0,3,HIGH,22.79,True
FAB_022,Premium Silk Grade-22,M06,2095.23,0.0,0.0,4743,6838.23,0.0,0.0,3,HIGH,22.79,True
FAB_023,Premium Silk Grade-23,W01,4729.75,3550.4,634.0,2536,3081.35,0.0,88.5,4,HIGH,9.92,True
FAB_023,Premium Silk Grade-23,W02,4987.88,0.0,634.0,2536,6889.88,0.0,12.7,4,HIGH,9.92,True
FAB_023,Premium Silk Grade-23,W03,5098.92,0.0,0.0,2536,7634.92,0.0,0.0,4,HIGH,9.92,True
FAB_023,Premium Silk Grade-23,W04,5101.8,0.0,0.0,2536,7637.8,0.0,0.0,4,HIGH,9.92,True
FAB_023,Premium Silk Grade-23,W05,4972.03,0.0,0.0,2536,7508.03,0.0,0.0,4,HIGH,9.92,True
FAB_023,Premium Silk Grade-23,W06,4562.48,0.0,0.0,2536,7098.48,0.0,0.0,4,HIGH,9.92,True
FAB_023,Premium Silk Grade-23,W07,4197.65,0.0,0.0,2536,6733.65,0.0,0.0,4,HIGH,9.92,True
FAB_023,Premium Silk Grade-23,W08,3979.91,0.0,0.0,2536,6515.91,0.0,0.0,4,HIGH,9.92,True
FAB_023,Premium Silk Grade-23,W09,3775.16,0.0,0.0,2536,6311.16,0.0,0.0,4,HIGH,9.92,True
FAB_023,Premium Silk Grade-23,W10,3766.51,0.0,0.0,2536,6302.51,0.0,0.0,4,HIGH,9.92,True
FAB_023,Premium Silk Grade-23,W11,3979.93,0.0,0.0,2536,6515.93,0.0,0.0,4,HIGH,9.92,True
FAB_023,Premium Silk Grade-23,W12,4272.64,0.0,0.0,2536,6808.64,0.0,0.0,4,HIGH,9.92,True
FAB_023,Premium Silk Grade-23,M04,5150.82,0.0,0.0,2536,7686.82,0.0,0.0,4,HIGH,9.92,True
FAB_023,Premium Silk Grade-23,M05,4993.65,0.0,0.0,2536,7529.65,0.0,0.0,4,HIGH,9.92,True
FAB_023,Premium Silk Grade-23,M06,4712.44,0.0,0.0,2536,7248.44,0.0,0.0,4,HIGH,9.92,True
FAB_024,Premium Linen Grade-24,W01,0.0,2853.2,509.5,2038,0.0,3362.7,336270.0,3,MEDIUM,13.96,False
FAB_024,Premium Linen Grade-24,W02,0.0,3362.7,509.5,2038,0.0,3872.2,387220.0,3,MEDIUM,13.96,False
FAB_024,Premium Linen Grade-24,W03,0.0,3872.2,0.0,2038,0.0,3872.2,387220.0,3,MEDIUM,13.96,False
FAB_024,Premium Linen Grade-24,W04,0.0,3872.2,0.0,2038,0.0,3872.2,387220.0,3,MEDIUM,13.96,False
FAB_024,Premium Linen Grade-24,W05,0.0,3872.2,0.0,2038,0.0,3872.2,387220.0,3,MEDIUM,13.96,False
FAB_024,Premium Linen Grade-24,W06,0.0,3872.2,0.0,2038,0.0,3872.2,387220.0,3,MEDIUM,13.96,False
FAB_024,Premium Linen Grade-24,W07,0.0,3872.2,0.0,2038,0.0,3872.2,387220.0,3,MEDIUM,13.96,False
FAB_024,Premium Linen Grade-24,W08,0.0,3872.2,0.0,2038,0.0,3872.2,387220.0,3,MEDIUM,13.96,False
FAB_024,Premium Linen Grade-24,W09,0.0,3872.2,0.0,2038,0.0,3872.2,387220.0,3,MEDIUM,13.96,False
FAB_024,Premium Linen Grade-24,W10,0.0,3872.2,0.0,2038,0.0,3872.2,387220.0,3,MEDIUM,13.96,False
FAB_024,Premium Linen Grade-24,W11,0.0,3872.2,0.0,2038,0.0,3872.2,387220.0,3,MEDIUM,13.96,False
FAB_024,Premium Linen Grade-24,W12,0.0,3872.2,0.0,2038,0.0,3872.2,387220.0,3,MEDIUM,13.96,False
FAB_024,Premium Linen Grade-24,M04,0.0,3872.2,0.0,2038,0.0,3872.2,387220.0,3,MEDIUM,13.96,False
FAB_024,Premium Linen Grade-24,M05,0.0,3872.2,0.0,2038,0.0,3872.2,387220.0,3,MEDIUM,13.96,False
FAB_024,Premium Linen Grade-24,M06,0.0,3872.2,0.0,2038,0.0,3872.2,387220.0,3,MEDIUM,13.96,False
FAB_025,Premium Wool Grade-25,W01,0.0,5700.8,1018.0,4072,0.0,6718.8,671880.0,3,MEDIUM,6.86,False
FAB_025,Premium Wool Grade-25,W02,0.0,6718.8,1018.0,4072,0.0,7736.8,773680.0,3,MEDIUM,6.86,False
FAB_025,Premium Wool Grade-25,W03,0.0,7736.8,0.0,4072,0.0,7736.8,773680.0,3,MEDIUM,6.86,False
FAB_025,Premium Wool Grade-25,W04,0.0,7736.8,0.0,4072,0.0,7736.8,773680.0,3,MEDIUM,6.86,False
FAB_025,Premium Wool Grade-25,W05,0.0,7736.8,0.0,4072,0.0,7736.8,773680.0,3,MEDIUM,6.86,False
FAB_025,Premium Wool Grade-25,W06,0.0,7736.8,0.0,4072,0.0,7736.8,773680.0,3,MEDIUM,6.86,False
FAB_025,Premium Wool Grade-25,W07,0.0,7736.8,0.0,4072,0.0,7736.8,773680.0,3,MEDIUM,6.86,False
FAB_025,Premium Wool Grade-25,W08,0.0,7736.8,0.0,4072,0.0,7736.8,773680.0,3,MEDIUM,6.86,False
FAB_025,Premium Wool Grade-25,W09,0.0,7736.8,0.0,4072,0.0,7736.8,773680.0,3,MEDIUM,6.86,False
FAB_025,Premium Wool Grade-25,W10,0.0,7736.8,0.0,4072,0.0,7736.8,773680.0,3,MEDIUM,6.86,False
FAB_025,Premium Wool Grade-25,W11,0.0,7736.8,0.0,4072,0.0,7736.8,773680.0,3,MEDIUM,6.86,False
FAB_025,Premium Wool Grade-25,W12,0.0,7736.8,0.0,4072,0.0,7736.8,773680.0,3,MEDIUM,6.86,False
FAB_025,Premium Wool Grade-25,M04,0.0,7736.8,0.0,4072,0.0,7736.8,773680.0,3,MEDIUM,6.86,False
FAB_025,Premium Wool Grade-25,M05,0.0,7736.8,0.0,4072,0.0,7736.8,773680.0,3,MEDIUM,6.86,False
FAB_025,Premium Wool Grade-25,M06,0.0,7736.8,0.0,4072,0.0,7736.8,773680.0,3,MEDIUM,6.86,False
FAB_026,Premium Polyester Grade-26,W01,0.0,7841.4,1400.25,5601,0.0,9241.65,924165.0,3,LOW,22.77,False
FAB_026,Premium Polyester Grade-26,W02,0.0,9241.65,1400.25,5601,0.0,10641.9,1064190.0,3,LOW,22.77,False
FAB_026,Premium Polyester Grade-26,W03,0.0,10641.9,0.0,5601,0.0,10641.9,1064190.0,3,LOW,22.77,False
FAB_026,Premium Polyester Grade-26,W04,0.0,10641.9,0.0,5601,0.0,10641.9,1064190.0,3,LOW,22.77,False
FAB_026,Premium Polyester Grade-26,W05,0.0,10641.9,0.0,5601,0.0,10641.9,1064190.0,3,LOW,22.77,False
FAB_026,Premium Polyester Grade-26,W06,0.0,10641.9,0.0,5601,0.0,10641.9,1064190.0,3,LOW,22.77,False
FAB_026,Premium Polyester Grade-26,W07,0.0,10641.9,0.0,5601,0.0,10641.9,1064190.0,3,LOW,22.77,False
FAB_026,Premium Polyester Grade-26,W08,0.0,10641.9,0.0,5601,0.0,10641.9,1064190.0,3,LOW,22.77,False
FAB_026,Premium Polyester Grade-26,W09,0.0,10641.9,0.0,5601,0.0,10641.9,1064190.0,3,LOW,22.77,False
FAB_026,Premium Polyester Grade-26,W10,0.0,10641.9,0.0,5601,0.0,10641.9,1064190.0,3,LOW,22.77,False
FAB_026,Premium Polyester Grade-26,W11,0.0,10641.9,0.0,5601,0.0,10641.9,1064190.0,3,LOW,22.77,False
FAB_026,Premium Polyester Grade-26,W12,0.0,10641.9,0.0,5601,0.0,10641.9,1064190.0,3,LOW,22.77,False
FAB_026,Premium Polyester Grade-26,M04,0.0,10641.9,0.0,5601,0.0,10641.9,1064190.0,3,LOW,22.77,False
FAB_026,Premium Polyester Grade-26,M05,0.0,10641.9,0.0,5601,0.0,10641.9,1064190.0,3,LOW,22.77,False
FAB_026,Premium Polyester Grade-26,M06,0.0,10641.9,0.0,5601,0.0,10641.9,1064190.0,3,LOW,22.77,False
FAB_027,Premium Silk Grade-27,W01,0.0,7581.0,1353.75,5415,0.0,8934.75,893475.0,4,HIGH,10.77,False
FAB_027,Premium Silk Grade-27,W02,0.0,8934.75,1353.75,5415,0.0,10288.5,1028850.0,4,HIGH,10.77,False
FAB_027,Premium Silk Grade-27,W03,0.0,10288.5,0.0,5415,0.0,10288.5,1028850.0,4,HIGH,10.77,False
FAB_027,Premium Silk Grade-27,W04,0.0,10288.5,0.0,5415,0.0,10288.5,1028850.0,4,HIGH,10.77,False
FAB_027,Premium Silk Grade-27,W05,0.0,10288.5,0.0,5415,0.0,10288.5,1028850.0,4,HIGH,10.77,False
FAB_027,Premium Silk Grade-27,W06,0.0,10288.5,0.0,5415,0.0,10288.5,1028850.0,4,HIGH,10.77,False
FAB_027,Premium Silk Grade-27,W07,0.0,10288.5,0.0,5415,0.0,10288.5,1028850.0,4,HIGH,10.77,False
FAB_027,Premium Silk Grade-27,W08,0.0,10288.5,0.0,5415,0.0,10288.5,1028850.0,4,HIGH,10.77,False
FAB_027,Premium Silk Grade-27,W09,0.0,10288.5,0.0,5415,0.0,10288.5,1028850.0,4,HIGH,10.77,False
FAB_027,Premium Silk Grade-27,W10,0.0,10288.5,0.0,5415,0.0,10288.5,1028850.0,4,HIGH,10.77,False
FAB_027,Premium Silk Grade-27,W11,0.0,10288.5,0.0,5415,0.0,10288.5,1028850.0,4,HIGH,10.77,False
FAB_027,Premium Silk Grade-27,W12,0.0,10288.5,0.0,5415,0.0,10288.5,1028850.0,4,HIGH,10.77,False
FAB_027,Premium Silk Grade-27,M04,0.0,10288.5,0.0,5415,0.0,10288.5,1028850.0,4,HIGH,10.77,False
FAB_027,Premium Silk Grade-27,M05,0.0,10288.5,0.0,5415,0.0,10288.5,1028850.0,4,HIGH,10.77,False
FAB_027,Premium Silk Grade-27,M06,0.0,10288.5,0.0,5415,0.0,10288.5,1028850.0,4,HIGH,10.77,False
FAB_028,Premium Linen Grade-28,W01,0.0,5832.4,1041.5,4166,0.0,6873.9,687390.0,5,LOW,16.82,False
FAB_028,Premium Linen Grade-28,W02,0.0,6873.9,1041.5,4166,0.0,7915.4,791540.0,5,LOW,16.82,False
FAB_028,Premium Linen Grade-28,W03,0.0,7915.4,0.0,4166,0.0,7915.4,791540.0,5,LOW,16.82,False
FAB_028,Premium Linen Grade-28,W04,0.0,7915.4,0.0,4166,0.0,7915.4,791540.0,5,LOW,16.82,False
FAB_028,Premium Linen Grade-28,W05,0.0,7915.4,0.0,4166,0.0,7915.4,791540.0,5,LOW,16.82,False
FAB_028,Premium Linen Grade-28,W06,0.0,7915.4,0.0,4166,0.0,7915.4,791540.0,5,LOW,16.82,False
FAB_028,Premium Linen Grade-28,W07,0.0,7915.4,0.0,4166,0.0,7915.4,791540.0,5,LOW,16.82,False
FAB_028,Premium Linen Grade-28,W08,0.0,7915.4,0.0,4166,0.0,7915.4,791540.0,5,LOW,16.82,False
FAB_028,Premium Linen Grade-28,W09,0.0,7915.4,0.0,4166,0.0,7915.4,791540.0,5,LOW,16.82,False
FAB_028,Premium Linen Grade-28,W10,0.0,7915.4,0.0,4166,0.0,7915.4,791540.0,5,LOW,16.82,False
FAB_028,Premium Linen Grade-28,W11,0.0,7915.4,0.0,4166,0.0,7915.4,791540.0,5,LOW,16.82,False
FAB_028,Premium Linen Grade-28,W12,0.0,7915.4,0.0,4166,0.0,7915.4,791540.0,5,LOW,16.82,False
FAB_028,Premium Linen Grade-28,M04,0.0,7915.4,0.0,4166,0.0,7915.4,791540.0,5,LOW,16.82,False
FAB_028,Premium Linen Grade-28,M05,0.0,7915.4,0.0,4166,0.0,7915.4,791540.0,5,LOW,16.82,False
FAB_028,Premium Linen Grade-28,M06,0.0,7915.4,0.0,4166,0.0,7915.4,791540.0,5,LOW,16.82,False
FAB_029,Premium Linen Grade-29,W01,0.0,8183.0,1461.25,5845,0.0,9644.25,964425.0,3,LOW,22.74,False
FAB_029,Premium Linen Grade-29,W02,0.0,9644.25,1461.25,5845,0.0,11105.5,1110550.0,3,LOW,22.74,False
FAB_029,Premium Linen Grade-29,W03,0.0,11105.5,0.0,5845,0.0,11105.5,1110550.0,3,LOW,22.74,False
FAB_029,Premium Linen Grade-29,W04,0.0,11105.5,0.0,5845,0.0,11105.5,1110550.0,3,LOW,22.74,False
FAB_029,Premium Linen Grade-29,W05,0.0,11105.5,0.0,5845,0.0,11105.5,1110550.0,3,LOW,22.74,False
FAB_029,Premium Linen Grade-29,W06,0.0,11105.5,0.0,5845,0.0,11105.5,1110550.0,3,LOW,22.74,False
FAB_029,Premium Linen Grade-29,W07,0.0,11105.5,0.0,5845,0.0,11105.5,1110550.0,3,LOW,22.74,False
FAB_029,Premium Linen Grade-29,W08,0.0,11105.5,0.0,5845,0.0,11105.5,1110550.0,3,LOW,22.74,False
FAB_029,Premium Linen Grade-29,W09,0.0,11105.5,0.0,5845,0.0,11105.5,1110550.0,3,LOW,22.74,False
FAB_029,Premium Linen Grade-29,W10,0.0,11105.5,0.0,5845,0.0,11105.5,1110550.0,3,LOW,22.74,False
FAB_029,Premium Linen Grade-29,W11,0.0,11105.5,0.0,5845,0.0,11105.5,1110550.0,3,LOW,22.74,False
FAB_029,Premium Linen Grade-29,W12,0.0,11105.5,0.0,5845,0.0,11105.5,1110550.0,3,LOW,22.74,False
FAB_029,Premium Linen Grade-29,M04,0.0,11105.5,0.0,5845,0.0,11105.5,1110550.0,3,LOW,22.74,False
FAB_029,Premium Linen Grade-29,M05,0.0,11105.5,0.0,5845,0.0,11105.5,1110550.0,3,LOW,22.74,False
FAB_029,Premium Linen Grade-29,M06,0.0,11105.5,0.0,5845,0.0,11105.5,1110550.0,3,LOW,22.74,False
FAB_030,Premium Linen Grade-30,W01,0.0,7056.0,1260.0,5040,0.0,8316.0,831600.0,3,HIGH,7.64,False
FAB_030,Premium Linen Grade-30,W02,0.0,8316.0,1260.0,5040,0.0,9576.0,957600.0,3,HIGH,7.64,False
FAB_030,Premium Linen Grade-30,W03,0.0,9576.0,0.0,5040,0.0,9576.0,957600.0,3,HIGH,7.64,False
FAB_030,Premium Linen Grade-30,W04,0.0,9576.0,0.0,5040,0.0,9576.0,957600.0,3,HIGH,7.64,False
FAB_030,Premium Linen Grade-30,W05,0.0,9576.0,0.0,5040,0.0,9576.0,957600.0,3,HIGH,7.64,False
FAB_030,Premium Linen Grade-30,W06,0.0,9576.0,0.0,5040,0.0,9576.0,957600.0,3,HIGH,7.64,False
FAB_030,Premium Linen Grade-30,W07,0.0,9576.0,0.0,5040,0.0,9576.0,957600.0,3,HIGH,7.64,False
FAB_030,Premium Linen Grade-30,W08,0.0,9576.0,0.0,5040,0.0,9576.0,957600.0,3,HIGH,7.64,False
FAB_030,Premium Linen Grade-30,W09,0.0,9576.0,0.0,5040,0.0,9576.0,957600.0,3,HIGH,7.64,False
FAB_030,Premium Linen Grade-30,W10,0.0,9576.0,0.0,5040,0.0,9576.0,957600.0,3,HIGH,7.64,False
FAB_030,Premium Linen Grade-30,W11,0.0,9576.0,0.0,5040,0.0,9576.0,957600.0,3,HIGH,7.64,False
FAB_030,Premium Linen Grade-30,W12,0.0,9576.0,0.0,5040,0.0,9576.0,957600.0,3,HIGH,7.64,False
FAB_030,Premium Linen Grade-30,M04,0.0,9576.0,0.0,5040,0.0,9576.0,957600.0,3,HIGH,7.64,False
FAB_030,Premium Linen Grade-30,M05,0.0,9576.0,0.0,5040,0.0,9576.0,957600.0,3,HIGH,7.64,False
FAB_030,Premium Linen Grade-30,M06,0.0,9576.0,0.0,5040,0.0,9576.0,957600.0,3,HIGH,7.64,False
