fabric_id,fabric_name,period,required_week,net_requirement_meters,supplier_id,supplier_name,recommended_order_qty,allocation_pct,unit_price,purchase_cost,moq_meters,moq_overbuy_meters,lead_time_weeks,po_release_week,expected_arrival_week,supplier_risk_score,supplier_risk_category,predicted_delay_days,delivery_risk
FAB_002,Premium Cotton Grade-2,W03,3,2545.74,S002,Global Weavers Ltd,3000.0,100.0,9.45,28350.0,3000,454.26,4,W01,W05,21.2,LOW,0.0,LOW
FAB_002,Premium Cotton Grade-2,W04,4,4997.7,S007,Vanguard Textiles,5000.0,100.0,9.82,49100.0,5000,2.3,4,W01,W05,23.8,LOW,0.9,MEDIUM
FAB_002,Premium Cotton Grade-2,W05,5,7278.3,S001,Apex Textile Mills,2500.0,34.3,10.01,25025.0,2500,0.0,4,W01,W05,17.6,LOW,0.0,LOW
FAB_002,Premium Cotton Grade-2,W05,5,7278.3,S002,Global Weavers Ltd,4778.3,65.7,9.45,45154.93,3000,0.0,4,W01,W05,21.2,LOW,0.0,LOW
FAB_002,Premium Cotton Grade-2,W06,6,8920.48,S001,Apex Textile Mills,2500.0,28.0,10.01,25025.0,2500,0.0,4,W02,W06,17.6,LOW,0.0,LOW
FAB_002,Premium Cotton Grade-2,W06,6,8920.48,S002,Global Weavers Ltd,6420.48,72.0,9.45,60673.54,3000,0.0,4,W02,W06,21.2,LOW,0.0,LOW
FAB_002,Premium Cotton Grade-2,W07,7,7680.64,S001,Apex Textile Mills,2500.0,32.5,10.01,25025.0,2500,0.0,4,W03,W07,17.6,LOW,0.0,LOW
FAB_002,Premium Cotton Grade-2,W07,7,7680.64,S002,Global Weavers Ltd,5180.64,67.5,9.45,48957.05,3000,0.0,4,W03,W07,21.2,LOW,0.0,LOW
FAB_002,Premium Cotton Grade-2,W08,8,7441.24,S001,Apex Textile Mills,2500.0,33.6,10.01,25025.0,2500,0.0,4,W04,W08,17.6,LOW,0.0,LOW
FAB_002,Premium Cotton Grade-2,W08,8,7441.24,S002,Global Weavers Ltd,4941.24,66.4,9.45,46694.72,3000,0.0,4,W04,W08,21.2,LOW,0.0,LOW
FAB_002,Premium Cotton Grade-2,W09,9,7491.64,S001,Apex Textile Mills,2500.0,33.4,10.01,25025.0,2500,0.0,4,W05,W09,17.6,LOW,0.0,LOW
FAB_002,Premium Cotton Grade-2,W09,9,7491.64,S002,Global Weavers Ltd,4991.64,66.6,9.45,47171.0,3000,0.0,4,W05,W09,21.2,LOW,0.0,LOW
FAB_002,Premium Cotton Grade-2,W10,10,7327.84,S001,Apex Textile Mills,2500.0,34.1,10.01,25025.0,2500,0.0,4,W06,W10,17.6,LOW,0.0,LOW
FAB_002,Premium Cotton Grade-2,W10,10,7327.84,S002,Global Weavers Ltd,4827.84,65.9,9.45,45623.09,3000,0.0,4,W06,W10,21.2,LOW,0.0,LOW
FAB_002,Premium Cotton Grade-2,W11,11,7403.44,S001,Apex Textile Mills,2500.0,33.8,10.01,25025.0,2500,0.0,4,W07,W11,17.6,LOW,0.0,LOW
FAB_002,Premium Cotton Grade-2,W11,11,7403.44,S002,Global Weavers Ltd,4903.44,66.2,9.45,46337.51,3000,0.0,4,W07,W11,21.2,LOW,0.0,LOW
FAB_002,Premium Cotton Grade-2,W12,12,7607.56,S001,Apex Textile Mills,2500.0,32.9,10.01,25025.0,2500,0.0,4,W08,W12,17.6,LOW,0.0,LOW
FAB_002,Premium Cotton Grade-2,W12,12,7607.56,S002,Global Weavers Ltd,5107.56,67.1,9.45,48266.44,3000,0.0,4,W08,W12,21.2,LOW,0.0,LOW
FAB_002,Premium Cotton Grade-2,M04,12,8058.64,S001,Apex Textile Mills,2500.0,31.0,10.01,25025.0,2500,0.0,4,W08,W12,17.6,LOW,0.0,LOW
FAB_002,Premium Cotton Grade-2,M04,12,8058.64,S002,Global Weavers Ltd,5558.64,69.0,9.45,52529.15,3000,0.0,4,W08,W12,21.2,LOW,0.0,LOW
FAB_002,Premium Cotton Grade-2,M05,12,8018.32,S001,Apex Textile Mills,2500.0,31.2,10.01,25025.0,2500,0.0,4,W08,W12,17.6,LOW,0.0,LOW
FAB_002,Premium Cotton Grade-2,M05,12,8018.32,S002,Global Weavers Ltd,5518.32,68.8,9.45,52148.12,3000,0.0,4,W08,W12,21.2,LOW,0.0,LOW
FAB_002,Premium Cotton Grade-2,M06,12,7930.12,S001,Apex Textile Mills,2500.0,31.5,10.01,25025.0,2500,0.0,4,W08,W12,17.6,LOW,0.0,LOW
FAB_002,Premium Cotton Grade-2,M06,12,7930.12,S002,Global Weavers Ltd,5430.12,68.5,9.45,51314.63,3000,0.0,4,W08,W12,21.2,LOW,0.0,LOW
FAB_003,Premium Wool Grade-3,W01,1,10680.72,S001,Apex Textile Mills,6680.72,62.5,14.68,98072.97,3000,0.0,4,W01,W05,17.6,LOW,0.0,LOW
FAB_003,Premium Wool Grade-3,W01,1,10680.72,S002,Global Weavers Ltd,4000.0,37.5,15.13,60520.0,4000,0.0,4,W01,W05,21.2,LOW,0.0,LOW
FAB_003,Premium Wool Grade-3,W02,2,17997.12,S001,Apex Textile Mills,6836.0,38.0,14.68,100352.48,3000,0.0,4,W01,W05,17.6,LOW,0.0,LOW
FAB_003,Premium Wool Grade-3,W02,2,17997.12,S002,Global Weavers Ltd,6247.0,34.7,15.13,94517.11,4000,0.0,4,W01,W05,21.2,LOW,0.0,LOW
FAB_003,Premium Wool Grade-3,W02,2,17997.12,S003,Oriental Fabric Corp,4914.12,27.3,14.88,73122.11,2500,0.0,5,W01,W06,30.8,MEDIUM,1.1,MEDIUM
FAB_003,Premium Wool Grade-3,W03,3,19555.08,S001,Apex Textile Mills,9569.0,48.9,14.68,140472.92,3000,0.0,4,W01,W05,17.6,LOW,0.0,LOW
FAB_003,Premium Wool Grade-3,W03,3,19555.08,S002,Global Weavers Ltd,5825.0,29.8,15.13,88132.25,4000,0.0,4,W01,W05,21.2,LOW,0.0,LOW
FAB_003,Premium Wool Grade-3,W03,3,19555.08,S003,Oriental Fabric Corp,4161.08,21.3,14.88,61916.87,2500,0.0,5,W01,W06,30.8,MEDIUM,1.1,MEDIUM
FAB_003,Premium Wool Grade-3,W04,4,19557.6,S001,Apex Textile Mills,6575.0,33.6,14.68,96521.0,3000,0.0,4,W01,W05,17.6,LOW,0.0,LOW
FAB_003,Premium Wool Grade-3,W04,4,19557.6,S002,Global Weavers Ltd,10482.6,53.6,15.13,158601.74,4000,0.0,4,W01,W05,21.2,LOW,0.0,LOW
FAB_003,Premium Wool Grade-3,W04,4,19557.6,S003,Oriental Fabric Corp,2500.0,12.8,14.88,37200.0,2500,0.0,5,W01,W06,30.8,MEDIUM,1.1,MEDIUM
FAB_003,Premium Wool Grade-3,W05,5,19015.8,S001,Apex Textile Mills,7727.0,40.6,14.68,113432.36,3000,0.0,4,W01,W05,17.6,LOW,0.0,LOW
FAB_003,Premium Wool Grade-3,W05,5,19015.8,S002,Global Weavers Ltd,11288.8,59.4,15.13,170799.54,4000,0.0,4,W01,W05,21.2,LOW,0.0,LOW
FAB_003,Premium Wool Grade-3,W06,6,24451.44,S001,Apex Textile Mills,7110.0,29.1,14.68,104374.8,3000,0.0,4,W02,W06,17.6,LOW,0.0,LOW
FAB_003,Premium Wool Grade-3,W06,6,24451.44,S002,Global Weavers Ltd,8064.0,33.0,15.13,122008.32,4000,0.0,4,W02,W06,21.2,LOW,0.0,LOW
FAB_003,Premium Wool Grade-3,W06,6,24451.44,S003,Oriental Fabric Corp,9277.44,37.9,14.88,138048.31,2500,0.0,5,W01,W06,30.8,MEDIUM,1.1,MEDIUM
FAB_003,Premium Wool Grade-3,W07,7,17042.64,S001,Apex Textile Mills,14542.64,85.3,14.68,213485.96,3000,0.0,4,W03,W07,17.6,LOW,0.0,LOW
FAB_003,Premium Wool Grade-3,W07,7,17042.64,S003,Oriental Fabric Corp,2500.0,14.7,14.88,37200.0,2500,0.0,5,W02,W07,30.8,MEDIUM,1.1,MEDIUM
FAB_003,Premium Wool Grade-3,W08,8,16037.16,S001,Apex Textile Mills,9361.0,58.4,14.68,137419.48,3000,0.0,4,W04,W08,17.6,LOW,0.0,LOW
FAB_003,Premium Wool Grade-3,W08,8,16037.16,S002,Global Weavers Ltd,6676.16,41.6,15.13,101010.3,4000,0.0,4,W04,W08,21.2,LOW,0.0,LOW
FAB_003,Premium Wool Grade-3,W09,9,15671.76,S001,Apex Textile Mills,7692.0,49.1,14.68,112918.56,3000,0.0,4,W05,W09,17.6,LOW,0.0,LOW
FAB_003,Premium Wool Grade-3,W09,9,15671.76,S002,Global Weavers Ltd,7979.76,50.9,15.13,120733.77,4000,0.0,4,W05,W09,21.2,LOW,0.0,LOW
FAB_003,Premium Wool Grade-3,W10,10,15707.04,S001,Apex Textile Mills,6087.0,38.8,14.68,89357.16,3000,0.0,4,W06,W10,17.6,LOW,0.0,LOW
FAB_003,Premium Wool Grade-3,W10,10,15707.04,S002,Global Weavers Ltd,6620.04,42.1,15.13,100161.21,4000,0.0,4,W06,W10,21.2,LOW,0.0,LOW
FAB_003,Premium Wool Grade-3,W10,10,15707.04,S004,Budget FastTex Industries,3000.0,19.1,14.06,42180.0,3000,0.0,7,W03,W10,44.6,MEDIUM,5.0,HIGH
FAB_003,Premium Wool Grade-3,W11,11,16097.64,S001,Apex Textile Mills,12097.64,75.2,14.68,177593.36,3000,0.0,4,W07,W11,17.6,LOW,0.0,LOW
FAB_003,Premium Wool Grade-3,W11,11,16097.64,S002,Global Weavers Ltd,4000.0,24.8,15.13,60520.0,4000,0.0,4,W07,W11,21.2,LOW,0.0,LOW
FAB_003,Premium Wool Grade-3,W12,12,17191.32,S001,Apex Textile Mills,10462.0,60.9,14.68,153582.16,3000,0.0,4,W08,W12,17.6,LOW,0.0,LOW
FAB_003,Premium Wool Grade-3,W12,12,17191.32,S002,Global Weavers Ltd,6729.32,39.1,15.13,101814.61,4000,0.0,4,W08,W12,21.2,LOW,0.0,LOW
FAB_003,Premium Wool Grade-3,M04,12,19323.24,S001,Apex Textile Mills,16823.24,87.1,14.68,246965.16,3000,0.0,4,W08,W12,17.6,LOW,0.0,LOW
FAB_003,Premium Wool Grade-3,M04,12,19323.24,S003,Oriental Fabric Corp,2500.0,12.9,14.88,37200.0,2500,0.0,5,W07,W12,30.8,MEDIUM,1.1,MEDIUM
FAB_003,Premium Wool Grade-3,M05,12,18970.44,S001,Apex Textile Mills,16470.44,86.8,14.68,241786.06,3000,0.0,4,W08,W12,17.6,LOW,0.0,LOW
FAB_003,Premium Wool Grade-3,M05,12,18970.44,S003,Oriental Fabric Corp,2500.0,13.2,14.88,37200.0,2500,0.0,5,W07,W12,30.8,MEDIUM,1.1,MEDIUM
FAB_003,Premium Wool Grade-3,M06,12,18290.04,S001,Apex Textile Mills,15790.04,86.3,14.68,231797.79,3000,0.0,4,W08,W12,17.6,LOW,0.0,LOW
FAB_003,Premium Wool Grade-3,M06,12,18290.04,S003,Oriental Fabric Corp,2500.0,13.7,14.88,37200.0,2500,0.0,5,W07,W12,30.8,MEDIUM,1.1,MEDIUM
FAB_004,Premium Denim Grade-4,W02,2,328.56,S001,Apex Textile Mills,2500.0,100.0,15.75,39375.0,2500,2171.44,4,W01,W05,17.6,LOW,0.0,LOW
FAB_004,Premium Denim Grade-4,W03,3,3249.08,S004,Budget FastTex Industries,3249.08,100.0,14.26,46331.88,3000,0.0,7,W01,W08,44.6,MEDIUM,5.0,HIGH
FAB_004,Premium Denim Grade-4,W04,4,6230.64,S001,Apex Textile Mills,2500.0,40.1,15.75,39375.0,2500,0.0,4,W01,W05,17.6,LOW,0.0,LOW
FAB_004,Premium Denim Grade-4,W04,4,6230.64,S005,EuroKnit Premium,3730.64,59.9,17.19,64129.7,3000,0.0,3,W01,W04,11.5,LOW,0.0,LOW
FAB_004,Premium Denim Grade-4,W05,5,8615.83,S001,Apex Textile Mills,2500.0,29.0,15.75,39375.0,2500,0.0,4,W01,W05,17.6,LOW,0.0,LOW
FAB_004,Premium Denim Grade-4,W05,5,8615.83,S002,Global Weavers Ltd,6115.83,71.0,15.4,94183.78,5000,0.0,4,W01,W05,21.2,LOW,0.0,LOW
FAB_004,Premium Denim Grade-4,W06,6,8419.1,S001,Apex Textile Mills,2500.0,29.7,15.75,39375.0,2500,0.0,4,W02,W06,17.6,LOW,0.0,LOW
FAB_004,Premium Denim Grade-4,W06,6,8419.1,S002,Global Weavers Ltd,5919.1,70.3,15.4,91154.14,5000,0.0,4,W02,W06,21.2,LOW,0.0,LOW
FAB_004,Premium Denim Grade-4,W07,7,8235.93,S001,Apex Textile Mills,2500.0,30.4,15.75,39375.0,2500,0.0,4,W03,W07,17.6,LOW,0.0,LOW
FAB_004,Premium Denim Grade-4,W07,7,8235.93,S002,Global Weavers Ltd,5735.93,69.6,15.4,88333.32,5000,0.0,4,W03,W07,21.2,LOW,0.0,LOW
FAB_004,Premium Denim Grade-4,W08,8,8015.45,S002,Global Weavers Ltd,5015.45,62.6,15.4,77237.93,5000,0.0,4,W04,W08,21.2,LOW,0.0,LOW
FAB_004,Premium Denim Grade-4,W08,8,8015.45,S004,Budget FastTex Industries,3000.0,37.4,14.26,42780.0,3000,0.0,7,W01,W08,44.6,MEDIUM,5.0,HIGH
FAB_004,Premium Denim Grade-4,W09,9,8083.29,S002,Global Weavers Ltd,5083.29,62.9,15.4,78282.67,5000,0.0,4,W05,W09,21.2,LOW,0.0,LOW
FAB_004,Premium Denim Grade-4,W09,9,8083.29,S004,Budget FastTex Industries,3000.0,37.1,14.26,42780.0,3000,0.0,7,W02,W09,44.6,MEDIUM,5.0,HIGH
FAB_004,Premium Denim Grade-4,W10,10,8015.45,S002,Global Weavers Ltd,5015.45,62.6,15.4,77237.93,5000,0.0,4,W06,W10,21.2,LOW,0.0,LOW
FAB_004,Premium Denim Grade-4,W10,10,8015.45,S004,Budget FastTex Industries,3000.0,37.4,14.26,42780.0,3000,0.0,7,W03,W10,44.6,MEDIUM,5.0,HIGH
FAB_004,Premium Denim Grade-4,W11,11,8079.9,S002,Global Weavers Ltd,5079.9,62.9,15.4,78230.46,5000,0.0,4,W07,W11,21.2,LOW,0.0,LOW
FAB_004,Premium Denim Grade-4,W11,11,8079.9,S004,Budget FastTex Industries,3000.0,37.1,14.26,42780.0,3000,0.0,7,W04,W11,44.6,MEDIUM,5.0,HIGH
FAB_004,Premium Denim Grade-4,W12,12,8320.72,S002,Global Weavers Ltd,5320.72,63.9,15.4,81939.09,5000,0.0,4,W08,W12,21.2,LOW,0.0,LOW
FAB_004,Premium Denim Grade-4,W12,12,8320.72,S004,Budget FastTex Industries,3000.0,36.1,14.26,42780.0,3000,0.0,7,W05,W12,44.6,MEDIUM,5.0,HIGH
FAB_004,Premium Denim Grade-4,M04,12,8758.3,S002,Global Weavers Ltd,5758.3,65.7,15.4,88677.82,5000,0.0,4,W08,W12,21.2,LOW,0.0,LOW
FAB_004,Premium Denim Grade-4,M04,12,8758.3,S004,Budget FastTex Industries,3000.0,34.3,14.26,42780.0,3000,0.0,7,W05,W12,44.6,MEDIUM,5.0,HIGH
FAB_004,Premium Denim Grade-4,M05,12,8727.77,S002,Global Weavers Ltd,5727.77,65.6,15.4,88207.66,5000,0.0,4,W08,W12,21.2,LOW,0.0,LOW
FAB_004,Premium Denim Grade-4,M05,12,8727.77,S004,Budget FastTex Industries,3000.0,34.4,14.26,42780.0,3000,0.0,7,W05,W12,44.6,MEDIUM,5.0,HIGH
FAB_004,Premium Denim Grade-4,M06,12,8612.44,S002,Global Weavers Ltd,5612.44,65.2,15.4,86431.58,5000,0.0,4,W08,W12,21.2,LOW,0.0,LOW
FAB_004,Premium Denim Grade-4,M06,12,8612.44,S004,Budget FastTex Industries,3000.0,34.8,14.26,42780.0,3000,0.0,7,W05,W12,44.6,MEDIUM,5.0,HIGH
FAB_005,Premium Poly-Blend Grade-5,W01,1,8266.42,S001,Apex Textile Mills,5766.42,69.8,9.83,56683.91,4000,0.0,4,W01,W05,17.6,LOW,0.0,LOW
FAB_005,Premium Poly-Blend Grade-5,W01,1,8266.42,S007,Vanguard Textiles,2500.0,30.2,9.89,24725.0,2500,0.0,4,W01,W05,23.8,LOW,0.9,MEDIUM
FAB_005,Premium Poly-Blend Grade-5,W02,2,15981.14,S001,Apex Textile Mills,12105.0,75.7,9.83,118992.15,4000,0.0,4,W01,W05,17.6,LOW,0.0,LOW
FAB_005,Premium Poly-Blend Grade-5,W02,2,15981.14,S007,Vanguard Textiles,3876.14,24.3,9.89,38335.02,2500,0.0,4,W01,W05,23.8,LOW,0.9,MEDIUM
FAB_005,Premium Poly-Blend Grade-5,W03,3,17626.74,S001,Apex Textile Mills,10035.0,56.9,9.83,98644.05,4000,0.0,4,W01,W05,17.6,LOW,0.0,LOW
FAB_005,Premium Poly-Blend Grade-5,W03,3,17626.74,S007,Vanguard Textiles,7591.74,43.1,9.89,75082.31,2500,0.0,4,W01,W05,23.8,LOW,0.9,MEDIUM
FAB_005,Premium Poly-Blend Grade-5,W04,4,17630.14,S001,Apex Textile Mills,6029.0,34.2,9.83,59265.07,4000,0.0,4,W01,W05,17.6,LOW,0.0,LOW
FAB_005,Premium Poly-Blend Grade-5,W04,4,17630.14,S002,Global Weavers Ltd,5000.0,28.4,10.25,51250.0,5000,0.0,4,W01,W05,21.2,LOW,0.0,LOW
FAB_005,Premium Poly-Blend Grade-5,W04,4,17630.14,S007,Vanguard Textiles,6601.14,37.4,9.89,65285.27,2500,0.0,4,W01,W05,23.8,LOW,0.9,MEDIUM
FAB_005,Premium Poly-Blend Grade-5,W05,5,17145.08,S001,Apex Textile Mills,6311.0,36.8,9.83,62037.13,4000,0.0,4,W01,W05,17.6,LOW,0.0,LOW
FAB_005,Premium Poly-Blend Grade-5,W05,5,17145.08,S002,Global Weavers Ltd,5000.0,29.2,10.25,51250.0,5000,0.0,4,W01,W05,21.2,LOW,0.0,LOW
FAB_005,Premium Poly-Blend Grade-5,W05,5,17145.08,S007,Vanguard Textiles,5834.08,34.0,9.89,57699.05,2500,0.0,4,W01,W05,23.8,LOW,0.9,MEDIUM
FAB_005,Premium Poly-Blend Grade-5,W06,6,16402.23,S001,Apex Textile Mills,13902.23,84.8,9.83,136658.92,4000,0.0,4,W02,W06,17.6,LOW,0.0,LOW
FAB_005,Premium Poly-Blend Grade-5,W06,6,16402.23,S007,Vanguard Textiles,2500.0,15.2,9.89,24725.0,2500,0.0,4,W02,W06,23.8,LOW,0.9,MEDIUM
FAB_005,Premium Poly-Blend Grade-5,W07,7,15561.01,S001,Apex Textile Mills,12114.0,77.8,9.83,119080.62,4000,0.0,4,W03,W07,17.6,LOW,0.0,LOW
FAB_005,Premium Poly-Blend Grade-5,W07,7,15561.01,S007,Vanguard Textiles,3447.01,22.2,9.89,34090.93,2500,0.0,4,W03,W07,23.8,LOW,0.9,MEDIUM
FAB_005,Premium Poly-Blend Grade-5,W08,8,14848.69,S001,Apex Textile Mills,7198.0,48.5,9.83,70756.34,4000,0.0,4,W04,W08,17.6,LOW,0.0,LOW
FAB_005,Premium Poly-Blend Grade-5,W08,8,14848.69,S007,Vanguard Textiles,7650.69,51.5,9.89,75665.32,2500,0.0,4,W04,W08,23.8,LOW,0.9,MEDIUM
FAB_005,Premium Poly-Blend Grade-5,W09,9,14719.8,S001,Apex Textile Mills,7701.0,52.3,9.83,75700.83,4000,0.0,4,W05,W09,17.6,LOW,0.0,LOW
FAB_005,Premium Poly-Blend Grade-5,W09,9,14719.8,S007,Vanguard Textiles,7018.8,47.7,9.89,69415.93,2500,0.0,4,W05,W09,23.8,LOW,0.9,MEDIUM
FAB_005,Premium Poly-Blend Grade-5,W10,10,14560.37,S001,Apex Textile Mills,11360.0,78.0,9.83,111668.8,4000,0.0,4,W06,W10,17.6,LOW,0.0,LOW
FAB_005,Premium Poly-Blend Grade-5,W10,10,14560.37,S007,Vanguard Textiles,3200.37,22.0,9.89,31651.66,2500,0.0,4,W06,W10,23.8,LOW,0.9,MEDIUM
FAB_005,Premium Poly-Blend Grade-5,W11,11,15045.43,S001,Apex Textile Mills,6817.0,45.3,9.83,67011.11,4000,0.0,4,W07,W11,17.6,LOW,0.0,LOW
FAB_005,Premium Poly-Blend Grade-5,W11,11,15045.43,S007,Vanguard Textiles,8228.43,54.7,9.89,81379.17,2500,0.0,4,W07,W11,23.8,LOW,0.9,MEDIUM
FAB_005,Premium Poly-Blend Grade-5,W12,12,15672.95,S001,Apex Textile Mills,9061.0,57.8,9.83,89069.63,4000,0.0,4,W08,W12,17.6,LOW,0.0,LOW
FAB_005,Premium Poly-Blend Grade-5,W12,12,15672.95,S007,Vanguard Textiles,6611.95,42.2,9.89,65392.19,2500,0.0,4,W08,W12,23.8,LOW,0.9,MEDIUM
FAB_005,Premium Poly-Blend Grade-5,M04,12,17697.97,S001,Apex Textile Mills,15197.97,85.9,9.83,149396.05,4000,0.0,4,W08,W12,17.6,LOW,0.0,LOW
FAB_005,Premium Poly-Blend Grade-5,M04,12,17697.97,S007,Vanguard Textiles,2500.0,14.1,9.89,24725.0,2500,0.0,4,W08,W12,23.8,LOW,0.9,MEDIUM
FAB_005,Premium Poly-Blend Grade-5,M05,12,17409.66,S001,Apex Textile Mills,14909.66,85.6,9.83,146561.96,4000,0.0,4,W08,W12,17.6,LOW,0.0,LOW
FAB_005,Premium Poly-Blend Grade-5,M05,12,17409.66,S007,Vanguard Textiles,2500.0,14.4,9.89,24725.0,2500,0.0,4,W08,W12,23.8,LOW,0.9,MEDIUM
FAB_005,Premium Poly-Blend Grade-5,M06,12,16934.77,S001,Apex Textile Mills,14434.77,85.2,9.83,141893.79,4000,0.0,4,W08,W12,17.6,LOW,0.0,LOW
FAB_005,Premium Poly-Blend Grade-5,M06,12,16934.77,S007,Vanguard Textiles,2500.0,14.8,9.89,24725.0,2500,0.0,4,W08,W12,23.8,LOW,0.9,MEDIUM
FAB_006,Premium Denim Grade-6,W01,1,1709.42,S002,Global Weavers Ltd,3000.0,100.0,7.21,21630.0,3000,1290.58,4,W01,W05,21.2,LOW,0.0,LOW
FAB_006,Premium Denim Grade-6,W02,2,5112.87,S002,Global Weavers Ltd,3000.0,42.9,7.21,21630.0,3000,0.0,4,W01,W05,21.2,LOW,0.0,LOW
FAB_006,Premium Denim Grade-6,W02,2,5112.87,S005,EuroKnit Premium,4000.0,57.1,8.05,32200.0,4000,0.0,3,W01,W04,11.5,LOW,0.0,LOW
FAB_006,Premium Denim Grade-6,W03,3,8211.21,S002,Global Weavers Ltd,3284.48,40.0,7.21,23681.13,3000,0.0,4,W01,W05,21.2,LOW,0.0,LOW
FAB_006,Premium Denim Grade-6,W03,3,8211.21,S005,EuroKnit Premium,4926.73,60.0,8.05,39660.14,4000,0.0,3,W01,W04,11.5,LOW,0.0,LOW
FAB_006,Premium Denim Grade-6,W04,4,8221.19,S002,Global Weavers Ltd,3288.48,40.0,7.21,23709.91,3000,0.0,4,W01,W05,21.2,LOW,0.0,LOW
FAB_006,Premium Denim Grade-6,W04,4,8221.19,S005,EuroKnit Premium,4932.71,60.0,8.05,39708.35,4000,0.0,3,W01,W04,11.5,LOW,0.0,LOW
FAB_006,Premium Denim Grade-6,W05,5,7989.9,S001,Apex Textile Mills,5000.0,62.5,7.13,35650.0,5000,0.0,4,W01,W05,17.6,LOW,0.0,LOW
FAB_006,Premium Denim Grade-6,W05,5,7989.9,S002,Global Weavers Ltd,3000.0,37.5,7.21,21630.0,3000,0.0,4,W01,W05,21.2,LOW,0.0,LOW
FAB_006,Premium Denim Grade-6,W06,6,7763.59,S002,Global Weavers Ltd,3763.59,48.5,7.21,27135.48,3000,0.0,4,W02,W06,21.2,LOW,0.0,LOW
FAB_006,Premium Denim Grade-6,W06,6,7763.59,S007,Vanguard Textiles,4000.0,51.5,7.23,28920.0,4000,0.0,4,W02,W06,23.8,LOW,0.9,MEDIUM
FAB_006,Premium Denim Grade-6,W07,7,7355.91,S002,Global Weavers Ltd,3355.91,45.6,7.21,24196.11,3000,0.0,4,W03,W07,21.2,LOW,0.0,LOW
FAB_006,Premium Denim Grade-6,W07,7,7355.91,S007,Vanguard Textiles,4000.0,54.4,7.23,28920.0,4000,0.0,4,W03,W07,23.8,LOW,0.9,MEDIUM
FAB_006,Premium Denim Grade-6,W08,8,7189.52,S002,Global Weavers Ltd,3189.52,44.4,7.21,22996.44,3000,0.0,4,W04,W08,21.2,LOW,0.0,LOW
FAB_006,Premium Denim Grade-6,W08,8,7189.52,S007,Vanguard Textiles,4000.0,55.6,7.23,28920.0,4000,0.0,4,W04,W08,23.8,LOW,0.9,MEDIUM
FAB_006,Premium Denim Grade-6,W09,9,7146.25,S002,Global Weavers Ltd,3146.25,44.0,7.21,22684.46,3000,0.0,4,W05,W09,21.2,LOW,0.0,LOW
FAB_006,Premium Denim Grade-6,W09,9,7146.25,S007,Vanguard Textiles,4000.0,56.0,7.23,28920.0,4000,0.0,4,W05,W09,23.8,LOW,0.9,MEDIUM
FAB_006,Premium Denim Grade-6,W10,10,7209.48,S002,Global Weavers Ltd,3209.48,44.5,7.21,23140.35,3000,0.0,4,W06,W10,21.2,LOW,0.0,LOW
FAB_006,Premium Denim Grade-6,W10,10,7209.48,S007,Vanguard Textiles,4000.0,55.5,7.23,28920.0,4000,0.0,4,W06,W10,23.8,LOW,0.9,MEDIUM
FAB_006,Premium Denim Grade-6,W11,11,7297.68,S002,Global Weavers Ltd,3297.68,45.2,7.21,23776.27,3000,0.0,4,W07,W11,21.2,LOW,0.0,LOW
FAB_006,Premium Denim Grade-6,W11,11,7297.68,S007,Vanguard Textiles,4000.0,54.8,7.23,28920.0,4000,0.0,4,W07,W11,23.8,LOW,0.9,MEDIUM
FAB_006,Premium Denim Grade-6,W12,12,7455.75,S002,Global Weavers Ltd,3455.75,46.4,7.21,24915.96,3000,0.0,4,W08,W12,21.2,LOW,0.0,LOW
FAB_006,Premium Denim Grade-6,W12,12,7455.75,S007,Vanguard Textiles,4000.0,53.6,7.23,28920.0,4000,0.0,4,W08,W12,23.8,LOW,0.9,MEDIUM
FAB_006,Premium Denim Grade-6,M04,12,8256.13,S001,Apex Textile Mills,5256.13,63.7,7.13,37476.21,5000,0.0,4,W08,W12,17.6,LOW,0.0,LOW
FAB_006,Premium Denim Grade-6,M04,12,8256.13,S002,Global Weavers Ltd,3000.0,36.3,7.21,21630.0,3000,0.0,4,W08,W12,21.2,LOW,0.0,LOW
FAB_006,Premium Denim Grade-6,M05,12,8154.64,S001,Apex Textile Mills,5154.64,63.2,7.13,36752.58,5000,0.0,4,W08,W12,17.6,LOW,0.0,LOW
FAB_006,Premium Denim Grade-6,M05,12,8154.64,S002,Global Weavers Ltd,3000.0,36.8,7.21,21630.0,3000,0.0,4,W08,W12,21.2,LOW,0.0,LOW
FAB_006,Premium Denim Grade-6,M06,12,7984.9,S001,Apex Textile Mills,5000.0,62.5,7.13,35650.0,5000,0.0,4,W08,W12,17.6,LOW,0.0,LOW
FAB_006,Premium Denim Grade-6,M06,12,7984.9,S002,Global Weavers Ltd,3000.0,37.5,7.21,21630.0,3000,0.0,4,W08,W12,21.2,LOW,0.0,LOW
FAB_007,Premium Nylon Grade-7,W02,2,6.22,S002,Global Weavers Ltd,2500.0,100.0,13.58,33950.0,2500,2493.78,4,W01,W05,21.2,LOW,0.0,LOW
FAB_007,Premium Nylon Grade-7,W03,3,1104.46,S002,Global Weavers Ltd,2500.0,100.0,13.58,33950.0,2500,1395.54,4,W01,W05,21.2,LOW,0.0,LOW
FAB_007,Premium Nylon Grade-7,W04,4,2184.4,S002,Global Weavers Ltd,2500.0,100.0,13.58,33950.0,2500,315.6,4,W01,W05,21.2,LOW,0.0,LOW
FAB_007,Premium Nylon Grade-7,W05,5,3237.71,S001,Apex Textile Mills,4000.0,100.0,13.34,53360.0,4000,762.29,4,W01,W05,17.6,LOW,0.0,LOW
FAB_007,Premium Nylon Grade-7,W06,6,3149.51,S001,Apex Textile Mills,4000.0,100.0,13.34,53360.0,4000,850.49,4,W02,W06,17.6,LOW,0.0,LOW
FAB_007,Premium Nylon Grade-7,W07,7,3097.93,S001,Apex Textile Mills,4000.0,100.0,13.34,53360.0,4000,902.07,4,W03,W07,17.6,LOW,0.0,LOW
FAB_007,Premium Nylon Grade-7,W08,8,3024.71,S001,Apex Textile Mills,4000.0,100.0,13.34,53360.0,4000,975.29,4,W04,W08,17.6,LOW,0.0,LOW
FAB_007,Premium Nylon Grade-7,W09,9,3039.69,S001,Apex Textile Mills,4000.0,100.0,13.34,53360.0,4000,960.31,4,W05,W09,17.6,LOW,0.0,LOW
FAB_007,Premium Nylon Grade-7,W10,10,2984.78,S001,Apex Textile Mills,4000.0,100.0,13.34,53360.0,4000,1015.22,4,W06,W10,17.6,LOW,0.0,LOW
FAB_007,Premium Nylon Grade-7,W11,11,3089.61,S001,Apex Textile Mills,4000.0,100.0,13.34,53360.0,4000,910.39,4,W07,W11,17.6,LOW,0.0,LOW
FAB_007,Premium Nylon Grade-7,W12,12,3121.22,S001,Apex Textile Mills,4000.0,100.0,13.34,53360.0,4000,878.78,4,W08,W12,17.6,LOW,0.0,LOW
FAB_007,Premium Nylon Grade-7,M04,12,3237.7,S001,Apex Textile Mills,4000.0,100.0,13.34,53360.0,4000,762.3,4,W08,W12,17.6,LOW,0.0,LOW
FAB_007,Premium Nylon Grade-7,M05,12,3310.92,S001,Apex Textile Mills,4000.0,100.0,13.34,53360.0,4000,689.08,4,W08,W12,17.6,LOW,0.0,LOW
FAB_007,Premium Nylon Grade-7,M06,12,3159.5,S001,Apex Textile Mills,4000.0,100.0,13.34,53360.0,4000,840.5,4,W08,W12,17.6,LOW,0.0,LOW
FAB_008,Premium Wool Grade-8,W01,1,6403.36,S001,Apex Textile Mills,3403.36,53.1,6.62,22530.24,2500,0.0,4,W01,W05,17.6,LOW,0.0,LOW
FAB_008,Premium Wool Grade-8,W01,1,6403.36,S002,Global Weavers Ltd,3000.0,46.9,6.6,19800.0,3000,0.0,4,W01,W05,21.2,LOW,0.0,LOW
FAB_008,Premium Wool Grade-8,W02,2,11840.19,S001,Apex Textile Mills,8840.19,74.7,6.62,58522.06,2500,0.0,4,W01,W05,17.6,LOW,0.0,LOW
FAB_008,Premium Wool Grade-8,W02,2,11840.19,S002,Global Weavers Ltd,3000.0,25.3,6.6,19800.0,3000,0.0,4,W01,W05,21.2,LOW,0.0,LOW
FAB_008,Premium Wool Grade-8,W03,3,12629.19,S001,Apex Textile Mills,6491.0,51.4,6.62,42970.42,2500,0.0,4,W01,W05,17.6,LOW,0.0,LOW
FAB_008,Premium Wool Grade-8,W03,3,12629.19,S002,Global Weavers Ltd,6138.19,48.6,6.6,40512.05,3000,0.0,4,W01,W05,21.2,LOW,0.0,LOW
FAB_008,Premium Wool Grade-8,W04,4,12541.0,S001,Apex Textile Mills,8075.0,64.4,6.62,53456.5,2500,0.0,4,W01,W05,17.6,LOW,0.0,LOW
FAB_008,Premium Wool Grade-8,W04,4,12541.0,S002,Global Weavers Ltd,4466.0,35.6,6.6,29475.6,3000,0.0,4,W01,W05,21.2,LOW,0.0,LOW
FAB_008,Premium Wool Grade-8,W05,5,12026.81,S001,Apex Textile Mills,4938.0,41.1,6.62,32689.56,2500,0.0,4,W01,W05,17.6,LOW,0.0,LOW
FAB_008,Premium Wool Grade-8,W05,5,12026.81,S002,Global Weavers Ltd,7088.81,58.9,6.6,46786.15,3000,0.0,4,W01,W05,21.2,LOW,0.0,LOW
FAB_008,Premium Wool Grade-8,W06,6,11690.69,S001,Apex Textile Mills,8690.69,74.3,6.62,57532.37,2500,0.0,4,W02,W06,17.6,LOW,0.0,LOW
FAB_008,Premium Wool Grade-8,W06,6,11690.69,S002,Global Weavers Ltd,3000.0,25.7,6.6,19800.0,3000,0.0,4,W02,W06,21.2,LOW,0.0,LOW
FAB_008,Premium Wool Grade-8,W07,7,10867.01,S001,Apex Textile Mills,7867.01,72.4,6.62,52079.61,2500,0.0,4,W03,W07,17.6,LOW,0.0,LOW
FAB_008,Premium Wool Grade-8,W07,7,10867.01,S002,Global Weavers Ltd,3000.0,27.6,6.6,19800.0,3000,0.0,4,W03,W07,21.2,LOW,0.0,LOW
FAB_008,Premium Wool Grade-8,W08,8,10505.92,S001,Apex Textile Mills,7505.92,71.4,6.62,49689.19,2500,0.0,4,W04,W08,17.6,LOW,0.0,LOW
FAB_008,Premium Wool Grade-8,W08,8,10505.92,S002,Global Weavers Ltd,3000.0,28.6,6.6,19800.0,3000,0.0,4,W04,W08,21.2,LOW,0.0,LOW
FAB_008,Premium Wool Grade-8,W09,9,10409.4,S001,Apex Textile Mills,7409.4,71.2,6.62,49050.23,2500,0.0,4,W05,W09,17.6,LOW,0.0,LOW
FAB_008,Premium Wool Grade-8,W09,9,10409.4,S002,Global Weavers Ltd,3000.0,28.8,6.6,19800.0,3000,0.0,4,W05,W09,21.2,LOW,0.0,LOW
FAB_008,Premium Wool Grade-8,W10,10,10342.85,S001,Apex Textile Mills,7342.85,71.0,6.62,48609.67,2500,0.0,4,W06,W10,17.6,LOW,0.0,LOW
FAB_008,Premium Wool Grade-8,W10,10,10342.85,S002,Global Weavers Ltd,3000.0,29.0,6.6,19800.0,3000,0.0,4,W06,W10,21.2,LOW,0.0,LOW
FAB_008,Premium Wool Grade-8,W11,11,10587.48,S001,Apex Textile Mills,7587.48,71.7,6.62,50229.12,2500,0.0,4,W07,W11,17.6,LOW,0.0,LOW
FAB_008,Premium Wool Grade-8,W11,11,10587.48,S002,Global Weavers Ltd,3000.0,28.3,6.6,19800.0,3000,0.0,4,W07,W11,21.2,LOW,0.0,LOW
FAB_008,Premium Wool Grade-8,W12,12,11033.42,S001,Apex Textile Mills,8033.42,72.8,6.62,53181.24,2500,0.0,4,W08,W12,17.6,LOW,0.0,LOW
FAB_008,Premium Wool Grade-8,W12,12,11033.42,S002,Global Weavers Ltd,3000.0,27.2,6.6,19800.0,3000,0.0,4,W08,W12,21.2,LOW,0.0,LOW
FAB_008,Premium Wool Grade-8,M04,12,12734.03,S001,Apex Textile Mills,9734.03,76.4,6.62,64439.28,2500,0.0,4,W08,W12,17.6,LOW,0.0,LOW
FAB_008,Premium Wool Grade-8,M04,12,12734.03,S002,Global Weavers Ltd,3000.0,23.6,6.6,19800.0,3000,0.0,4,W08,W12,21.2,LOW,0.0,LOW
FAB_008,Premium Wool Grade-8,M05,12,12544.32,S001,Apex Textile Mills,9544.32,76.1,6.62,63183.4,2500,0.0,4,W08,W12,17.6,LOW,0.0,LOW
FAB_008,Premium Wool Grade-8,M05,12,12544.32,S002,Global Weavers Ltd,3000.0,23.9,6.6,19800.0,3000,0.0,4,W08,W12,21.2,LOW,0.0,LOW
FAB_008,Premium Wool Grade-8,M06,12,12031.82,S001,Apex Textile Mills,9031.82,75.1,6.62,59790.65,2500,0.0,4,W08,W12,17.6,LOW,0.0,LOW
FAB_008,Premium Wool Grade-8,M06,12,12031.82,S002,Global Weavers Ltd,3000.0,24.9,6.6,19800.0,3000,0.0,4,W08,W12,21.2,LOW,0.0,LOW
FAB_010,Premium Nylon Grade-10,W01,1,4559.89,S004,Budget FastTex Industries,4559.89,100.0,8.39,38257.48,2500,0.0,7,W01,W08,44.6,MEDIUM,5.0,HIGH
FAB_010,Premium Nylon Grade-10,W02,2,8923.12,S001,Apex Textile Mills,3569.25,40.0,9.04,32266.0,3000,0.0,4,W01,W05,17.6,LOW,0.0,LOW
FAB_010,Premium Nylon Grade-10,W02,2,8923.12,S007,Vanguard Textiles,5353.87,60.0,8.81,47167.61,3000,0.0,4,W01,W05,23.8,LOW,0.9,MEDIUM
FAB_010,Premium Nylon Grade-10,W03,3,9939.66,S001,Apex Textile Mills,3975.86,40.0,9.04,35941.81,3000,0.0,4,W01,W05,17.6,LOW,0.0,LOW
FAB_010,Premium Nylon Grade-10,W03,3,9939.66,S007,Vanguard Textiles,5963.8,60.0,8.81,52541.04,3000,0.0,4,W01,W05,23.8,LOW,0.9,MEDIUM
FAB_010,Premium Nylon Grade-10,W04,4,9876.62,S001,Apex Textile Mills,3950.65,40.0,9.04,35713.86,3000,0.0,4,W01,W05,17.6,LOW,0.0,LOW
FAB_010,Premium Nylon Grade-10,W04,4,9876.62,S007,Vanguard Textiles,5925.97,60.0,8.81,52207.81,3000,0.0,4,W01,W05,23.8,LOW,0.9,MEDIUM
FAB_010,Premium Nylon Grade-10,W05,5,9537.95,S001,Apex Textile Mills,3815.18,40.0,9.04,34489.23,3000,0.0,4,W01,W05,17.6,LOW,0.0,LOW
FAB_010,Premium Nylon Grade-10,W05,5,9537.95,S007,Vanguard Textiles,5722.77,60.0,8.81,50417.6,3000,0.0,4,W01,W05,23.8,LOW,0.9,MEDIUM
FAB_010,Premium Nylon Grade-10,W06,6,12453.67,S001,Apex Textile Mills,4981.47,40.0,9.04,45032.47,3000,0.0,4,W02,W06,17.6,LOW,0.0,LOW
FAB_010,Premium Nylon Grade-10,W06,6,12453.67,S007,Vanguard Textiles,7472.2,60.0,8.81,65830.1,3000,0.0,4,W02,W06,23.8,LOW,0.9,MEDIUM
FAB_010,Premium Nylon Grade-10,W07,7,8706.12,S001,Apex Textile Mills,3482.45,40.0,9.04,31481.33,3000,0.0,4,W03,W07,17.6,LOW,0.0,LOW
FAB_010,Premium Nylon Grade-10,W07,7,8706.12,S007,Vanguard Textiles,5223.67,60.0,8.81,46020.55,3000,0.0,4,W03,W07,23.8,LOW,0.9,MEDIUM
FAB_010,Premium Nylon Grade-10,W08,8,8303.19,S001,Apex Textile Mills,3321.28,40.0,9.04,30024.34,3000,0.0,4,W04,W08,17.6,LOW,0.0,LOW
FAB_010,Premium Nylon Grade-10,W08,8,8303.19,S007,Vanguard Textiles,4981.91,60.0,8.81,43890.66,3000,0.0,4,W04,W08,23.8,LOW,0.9,MEDIUM
FAB_010,Premium Nylon Grade-10,W09,9,8195.65,S001,Apex Textile Mills,3278.26,40.0,9.04,29635.47,3000,0.0,4,W05,W09,17.6,LOW,0.0,LOW
FAB_010,Premium Nylon Grade-10,W09,9,8195.65,S007,Vanguard Textiles,4917.39,60.0,8.81,43322.21,3000,0.0,4,W05,W09,23.8,LOW,0.9,MEDIUM
FAB_010,Premium Nylon Grade-10,W10,10,8100.48,S001,Apex Textile Mills,3240.19,40.0,9.04,29291.34,3000,0.0,4,W06,W10,17.6,LOW,0.0,LOW
FAB_010,Premium Nylon Grade-10,W10,10,8100.48,S007,Vanguard Textiles,4860.29,60.0,8.81,42819.14,3000,0.0,4,W06,W10,23.8,LOW,0.9,MEDIUM
FAB_010,Premium Nylon Grade-10,W11,11,8301.95,S001,Apex Textile Mills,3320.78,40.0,9.04,30019.85,3000,0.0,4,W07,W11,17.6,LOW,0.0,LOW
FAB_010,Premium Nylon Grade-10,W11,11,8301.95,S007,Vanguard Textiles,4981.17,60.0,8.81,43884.11,3000,0.0,4,W07,W11,23.8,LOW,0.9,MEDIUM
FAB_010,Premium Nylon Grade-10,W12,12,8793.88,S001,Apex Textile Mills,3517.55,40.0,9.04,31798.67,3000,0.0,4,W08,W12,17.6,LOW,0.0,LOW
FAB_010,Premium Nylon Grade-10,W12,12,8793.88,S007,Vanguard Textiles,5276.33,60.0,8.81,46484.45,3000,0.0,4,W08,W12,23.8,LOW,0.9,MEDIUM
FAB_010,Premium Nylon Grade-10,M04,12,9848.19,S001,Apex Textile Mills,3939.28,40.0,9.04,35611.06,3000,0.0,4,W08,W12,17.6,LOW,0.0,LOW
FAB_010,Premium Nylon Grade-10,M04,12,9848.19,S007,Vanguard Textiles,5908.91,60.0,8.81,52057.53,3000,0.0,4,W08,W12,23.8,LOW,0.9,MEDIUM
FAB_010,Premium Nylon Grade-10,M05,12,9707.29,S001,Apex Textile Mills,3882.92,40.0,9.04,35101.56,3000,0.0,4,W08,W12,17.6,LOW,0.0,LOW
FAB_010,Premium Nylon Grade-10,M05,12,9707.29,S007,Vanguard Textiles,5824.37,60.0,8.81,51312.73,3000,0.0,4,W08,W12,23.8,LOW,0.9,MEDIUM
FAB_010,Premium Nylon Grade-10,M06,12,9434.13,S001,Apex Textile Mills,3773.65,40.0,9.04,34113.81,3000,0.0,4,W08,W12,17.6,LOW,0.0,LOW
FAB_010,Premium Nylon Grade-10,M06,12,9434.13,S007,Vanguard Textiles,5660.48,60.0,8.81,49868.81,3000,0.0,4,W08,W12,23.8,LOW,0.9,MEDIUM
FAB_011,Premium Poly-Blend Grade-11,W01,1,4416.64,S004,Budget FastTex Industries,4416.64,100.0,19.09,84313.66,4000,0.0,7,W01,W08,44.6,MEDIUM,5.0,HIGH
FAB_011,Premium Poly-Blend Grade-11,W02,2,8189.65,S001,Apex Textile Mills,5189.65,63.4,20.47,106232.14,3000,0.0,4,W01,W05,17.6,LOW,0.0,LOW
FAB_011,Premium Poly-Blend Grade-11,W02,2,8189.65,S002,Global Weavers Ltd,3000.0,36.6,20.57,61710.0,3000,0.0,4,W01,W05,21.2,LOW,0.0,LOW
FAB_011,Premium Poly-Blend Grade-11,W03,3,8933.27,S001,Apex Textile Mills,5933.27,66.4,20.47,121454.04,3000,0.0,4,W01,W05,17.6,LOW,0.0,LOW
FAB_011,Premium Poly-Blend Grade-11,W03,3,8933.27,S002,Global Weavers Ltd,3000.0,33.6,20.57,61710.0,3000,0.0,4,W01,W05,21.2,LOW,0.0,LOW
FAB_011,Premium Poly-Blend Grade-11,W04,4,8980.22,S001,Apex Textile Mills,5980.22,66.6,20.47,122415.1,3000,0.0,4,W01,W05,17.6,LOW,0.0,LOW
FAB_011,Premium Poly-Blend Grade-11,W04,4,8980.22,S002,Global Weavers Ltd,3000.0,33.4,20.57,61710.0,3000,0.0,4,W01,W05,21.2,LOW,0.0,LOW
FAB_011,Premium Poly-Blend Grade-11,W05,5,8803.48,S001,Apex Textile Mills,5803.48,65.9,20.47,118797.24,3000,0.0,4,W01,W05,17.6,LOW,0.0,LOW
FAB_011,Premium Poly-Blend Grade-11,W05,5,8803.48,S002,Global Weavers Ltd,3000.0,34.1,20.57,61710.0,3000,0.0,4,W01,W05,21.2,LOW,0.0,LOW
FAB_011,Premium Poly-Blend Grade-11,W06,6,11080.2,S001,Apex Textile Mills,7383.0,66.6,20.47,151130.01,3000,0.0,4,W02,W06,17.6,LOW,0.0,LOW
FAB_011,Premium Poly-Blend Grade-11,W06,6,11080.2,S002,Global Weavers Ltd,3697.2,33.4,20.57,76051.4,3000,0.0,4,W02,W06,21.2,LOW,0.0,LOW
FAB_011,Premium Poly-Blend Grade-11,W07,7,7838.16,S001,Apex Textile Mills,4838.16,61.7,20.47,99037.14,3000,0.0,4,W03,W07,17.6,LOW,0.0,LOW
FAB_011,Premium Poly-Blend Grade-11,W07,7,7838.16,S002,Global Weavers Ltd,3000.0,38.3,20.57,61710.0,3000,0.0,4,W03,W07,21.2,LOW,0.0,LOW
FAB_011,Premium Poly-Blend Grade-11,W08,8,7354.88,S001,Apex Textile Mills,4354.88,59.2,20.47,89144.39,3000,0.0,4,W04,W08,17.6,LOW,0.0,LOW
FAB_011,Premium Poly-Blend Grade-11,W08,8,7354.88,S002,Global Weavers Ltd,3000.0,40.8,20.57,61710.0,3000,0.0,4,W04,W08,21.2,LOW,0.0,LOW
FAB_011,Premium Poly-Blend Grade-11,W09,9,7180.62,S001,Apex Textile Mills,4180.62,58.2,20.47,85577.29,3000,0.0,4,W05,W09,17.6,LOW,0.0,LOW
FAB_011,Premium Poly-Blend Grade-11,W09,9,7180.62,S002,Global Weavers Ltd,3000.0,41.8,20.57,61710.0,3000,0.0,4,W05,W09,21.2,LOW,0.0,LOW
FAB_011,Premium Poly-Blend Grade-11,W10,10,7347.48,S001,Apex Textile Mills,4347.48,59.2,20.47,88992.92,3000,0.0,4,W06,W10,17.6,LOW,0.0,LOW
FAB_011,Premium Poly-Blend Grade-11,W10,10,7347.48,S002,Global Weavers Ltd,3000.0,40.8,20.57,61710.0,3000,0.0,4,W06,W10,21.2,LOW,0.0,LOW
FAB_011,Premium Poly-Blend Grade-11,W11,11,7503.21,S001,Apex Textile Mills,4503.21,60.0,20.47,92180.71,3000,0.0,4,W07,W11,17.6,LOW,0.0,LOW
FAB_011,Premium Poly-Blend Grade-11,W11,11,7503.21,S002,Global Weavers Ltd,3000.0,40.0,20.57,61710.0,3000,0.0,4,W07,W11,21.2,LOW,0.0,LOW
FAB_011,Premium Poly-Blend Grade-11,W12,12,7899.98,S001,Apex Textile Mills,4899.98,62.0,20.47,100302.59,3000,0.0,4,W08,W12,17.6,LOW,0.0,LOW
FAB_011,Premium Poly-Blend Grade-11,W12,12,7899.98,S002,Global Weavers Ltd,3000.0,38.0,20.57,61710.0,3000,0.0,4,W08,W12,21.2,LOW,0.0,LOW
FAB_011,Premium Poly-Blend Grade-11,M04,12,8940.67,S001,Apex Textile Mills,5940.67,66.4,20.47,121605.51,3000,0.0,4,W08,W12,17.6,LOW,0.0,LOW
FAB_011,Premium Poly-Blend Grade-11,M04,12,8940.67,S002,Global Weavers Ltd,3000.0,33.6,20.57,61710.0,3000,0.0,4,W08,W12,21.2,LOW,0.0,LOW
FAB_011,Premium Poly-Blend Grade-11,M05,12,8718.2,S001,Apex Textile Mills,5718.2,65.6,20.47,117051.55,3000,0.0,4,W08,W12,17.6,LOW,0.0,LOW
FAB_011,Premium Poly-Blend Grade-11,M05,12,8718.2,S002,Global Weavers Ltd,3000.0,34.4,20.57,61710.0,3000,0.0,4,W08,W12,21.2,LOW,0.0,LOW
FAB_011,Premium Poly-Blend Grade-11,M06,12,8248.51,S001,Apex Textile Mills,5248.51,63.6,20.47,107437.0,3000,0.0,4,W08,W12,17.6,LOW,0.0,LOW
FAB_011,Premium Poly-Blend Grade-11,M06,12,8248.51,S002,Global Weavers Ltd,3000.0,36.4,20.57,61710.0,3000,0.0,4,W08,W12,21.2,LOW,0.0,LOW
FAB_012,Premium Cotton Grade-12,W01,1,2612.87,S002,Global Weavers Ltd,3000.0,100.0,22.77,68310.0,3000,387.13,4,W01,W05,21.2,LOW,0.0,LOW
FAB_012,Premium Cotton Grade-12,W02,2,6560.22,S001,Apex Textile Mills,3000.0,45.7,24.05,72150.0,3000,0.0,4,W01,W05,17.6,LOW,0.0,LOW
FAB_012,Premium Cotton Grade-12,W02,2,6560.22,S002,Global Weavers Ltd,3560.22,54.3,22.77,81066.21,3000,0.0,4,W01,W05,21.2,LOW,0.0,LOW
FAB_012,Premium Cotton Grade-12,W03,3,7254.92,S001,Apex Textile Mills,3000.0,41.4,24.05,72150.0,3000,0.0,4,W01,W05,17.6,LOW,0.0,LOW
FAB_012,Premium Cotton Grade-12,W03,3,7254.92,S002,Global Weavers Ltd,4254.92,58.6,22.77,96884.53,3000,0.0,4,W01,W05,21.2,LOW,0.0,LOW
FAB_012,Premium Cotton Grade-12,W04,4,7337.6,S001,Apex Textile Mills,3000.0,40.9,24.05,72150.0,3000,0.0,4,W01,W05,17.6,LOW,0.0,LOW
FAB_012,Premium Cotton Grade-12,W04,4,7337.6,S002,Global Weavers Ltd,4337.6,59.1,22.77,98767.15,3000,0.0,4,W01,W05,21.2,LOW,0.0,LOW
FAB_012,Premium Cotton Grade-12,W05,5,7133.24,S001,Apex Textile Mills,3000.0,42.1,24.05,72150.0,3000,0.0,4,W01,W05,17.6,LOW,0.0,LOW
FAB_012,Premium Cotton Grade-12,W05,5,7133.24,S002,Global Weavers Ltd,4133.24,57.9,22.77,94113.87,3000,0.0,4,W01,W05,21.2,LOW,0.0,LOW
FAB_012,Premium Cotton Grade-12,W06,6,6707.36,S001,Apex Textile Mills,3000.0,44.7,24.05,72150.0,3000,0.0,4,W02,W06,17.6,LOW,0.0,LOW
FAB_012,Premium Cotton Grade-12,W06,6,6707.36,S002,Global Weavers Ltd,3707.36,55.3,22.77,84416.59,3000,0.0,4,W02,W06,21.2,LOW,0.0,LOW
FAB_012,Premium Cotton Grade-12,W07,7,6557.6,S001,Apex Textile Mills,3000.0,45.7,24.05,72150.0,3000,0.0,4,W03,W07,17.6,LOW,0.0,LOW
FAB_012,Premium Cotton Grade-12,W07,7,6557.6,S002,Global Weavers Ltd,3557.6,54.3,22.77,81006.55,3000,0.0,4,W03,W07,21.2,LOW,0.0,LOW
FAB_012,Premium Cotton Grade-12,W08,8,6220.64,S002,Global Weavers Ltd,3720.64,59.8,22.77,84718.97,3000,0.0,4,W04,W08,21.2,LOW,0.0,LOW
FAB_012,Premium Cotton Grade-12,W08,8,6220.64,S004,Budget FastTex Industries,2500.0,40.2,21.57,53925.0,2500,0.0,7,W01,W08,44.6,MEDIUM,5.0,HIGH
FAB_012,Premium Cotton Grade-12,W09,9,6159.8,S002,Global Weavers Ltd,3659.8,59.4,22.77,83333.65,3000,0.0,4,W05,W09,21.2,LOW,0.0,LOW
FAB_012,Premium Cotton Grade-12,W09,9,6159.8,S004,Budget FastTex Industries,2500.0,40.6,21.57,53925.0,2500,0.0,7,W02,W09,44.6,MEDIUM,5.0,HIGH
FAB_012,Premium Cotton Grade-12,W10,10,6169.16,S002,Global Weavers Ltd,3669.16,59.5,22.77,83546.77,3000,0.0,4,W06,W10,21.2,LOW,0.0,LOW
FAB_012,Premium Cotton Grade-12,W10,10,6169.16,S004,Budget FastTex Industries,2500.0,40.5,21.57,53925.0,2500,0.0,7,W03,W10,44.6,MEDIUM,5.0,HIGH
FAB_012,Premium Cotton Grade-12,W11,11,6368.84,S002,Global Weavers Ltd,3868.84,60.7,22.77,88093.49,3000,0.0,4,W07,W11,21.2,LOW,0.0,LOW
FAB_012,Premium Cotton Grade-12,W11,11,6368.84,S004,Budget FastTex Industries,2500.0,39.3,21.57,53925.0,2500,0.0,7,W04,W11,44.6,MEDIUM,5.0,HIGH
FAB_012,Premium Cotton Grade-12,W12,12,6607.52,S002,Global Weavers Ltd,4107.52,62.2,22.77,93528.23,3000,0.0,4,W08,W12,21.2,LOW,0.0,LOW
FAB_012,Premium Cotton Grade-12,W12,12,6607.52,S004,Budget FastTex Industries,2500.0,37.8,21.57,53925.0,2500,0.0,7,W05,W12,44.6,MEDIUM,5.0,HIGH
FAB_012,Premium Cotton Grade-12,M04,12,7337.6,S002,Global Weavers Ltd,4837.6,65.9,22.77,110152.15,3000,0.0,4,W08,W12,21.2,LOW,0.0,LOW
FAB_012,Premium Cotton Grade-12,M04,12,7337.6,S004,Budget FastTex Industries,2500.0,34.1,21.57,53925.0,2500,0.0,7,W05,W12,44.6,MEDIUM,5.0,HIGH
FAB_012,Premium Cotton Grade-12,M05,12,7248.68,S002,Global Weavers Ltd,4748.68,65.5,22.77,108127.44,3000,0.0,4,W08,W12,21.2,LOW,0.0,LOW
FAB_012,Premium Cotton Grade-12,M05,12,7248.68,S004,Budget FastTex Industries,2500.0,34.5,21.57,53925.0,2500,0.0,7,W05,W12,44.6,MEDIUM,5.0,HIGH
FAB_012,Premium Cotton Grade-12,M06,12,6967.88,S002,Global Weavers Ltd,4467.88,64.1,22.77,101733.63,3000,0.0,4,W08,W12,21.2,LOW,0.0,LOW
FAB_012,Premium Cotton Grade-12,M06,12,6967.88,S004,Budget FastTex Industries,2500.0,35.9,21.57,53925.0,2500,0.0,7,W05,W12,44.6,MEDIUM,5.0,HIGH
FAB_013,Premium Poly-Blend Grade-13,W01,1,230.36,S001,Apex Textile Mills,2500.0,100.0,14.22,35550.0,2500,2269.64,4,W01,W05,17.6,LOW,0.0,LOW
FAB_013,Premium Poly-Blend Grade-13,W02,2,2826.48,S008,Southern Mill Co.,3000.0,100.0,14.03,42090.0,3000,173.52,5,W01,W06,31.8,MEDIUM,1.2,MEDIUM
FAB_013,Premium Poly-Blend Grade-13,W03,3,7040.04,S001,Apex Textile Mills,4540.04,64.5,14.22,64559.37,2500,0.0,4,W01,W05,17.6,LOW,0.0,LOW
FAB_013,Premium Poly-Blend Grade-13,W03,3,7040.04,S002,Global Weavers Ltd,2500.0,35.5,14.88,37200.0,2500,0.0,4,W01,W05,21.2,LOW,0.0,LOW
FAB_013,Premium Poly-Blend Grade-13,W04,4,9812.84,S001,Apex Textile Mills,4812.84,49.0,14.22,68438.58,2500,0.0,4,W01,W05,17.6,LOW,0.0,LOW
FAB_013,Premium Poly-Blend Grade-13,W04,4,9812.84,S007,Vanguard Textiles,5000.0,51.0,14.16,70800.0,5000,0.0,4,W01,W05,23.8,LOW,0.9,MEDIUM
FAB_013,Premium Poly-Blend Grade-13,W05,5,9675.56,S001,Apex Textile Mills,4675.56,48.3,14.22,66486.46,2500,0.0,4,W01,W05,17.6,LOW,0.0,LOW
FAB_013,Premium Poly-Blend Grade-13,W05,5,9675.56,S007,Vanguard Textiles,5000.0,51.7,14.16,70800.0,5000,0.0,4,W01,W05,23.8,LOW,0.9,MEDIUM
FAB_013,Premium Poly-Blend Grade-13,W06,6,9464.96,S001,Apex Textile Mills,4464.96,47.2,14.22,63491.73,2500,0.0,4,W02,W06,17.6,LOW,0.0,LOW
FAB_013,Premium Poly-Blend Grade-13,W06,6,9464.96,S007,Vanguard Textiles,5000.0,52.8,14.16,70800.0,5000,0.0,4,W02,W06,23.8,LOW,0.9,MEDIUM
FAB_013,Premium Poly-Blend Grade-13,W07,7,9162.32,S001,Apex Textile Mills,4162.32,45.4,14.22,59188.19,2500,0.0,4,W03,W07,17.6,LOW,0.0,LOW
FAB_013,Premium Poly-Blend Grade-13,W07,7,9162.32,S007,Vanguard Textiles,5000.0,54.6,14.16,70800.0,5000,0.0,4,W03,W07,23.8,LOW,0.9,MEDIUM
FAB_013,Premium Poly-Blend Grade-13,W08,8,8920.52,S001,Apex Textile Mills,3920.52,43.9,14.22,55749.79,2500,0.0,4,W04,W08,17.6,LOW,0.0,LOW
FAB_013,Premium Poly-Blend Grade-13,W08,8,8920.52,S007,Vanguard Textiles,5000.0,56.1,14.16,70800.0,5000,0.0,4,W04,W08,23.8,LOW,0.9,MEDIUM
FAB_013,Premium Poly-Blend Grade-13,W09,9,8878.4,S001,Apex Textile Mills,3878.4,43.7,14.22,55150.85,2500,0.0,4,W05,W09,17.6,LOW,0.0,LOW
FAB_013,Premium Poly-Blend Grade-13,W09,9,8878.4,S007,Vanguard Textiles,5000.0,56.3,14.16,70800.0,5000,0.0,4,W05,W09,23.8,LOW,0.9,MEDIUM
FAB_013,Premium Poly-Blend Grade-13,W10,10,8811.32,S001,Apex Textile Mills,3811.32,43.3,14.22,54196.97,2500,0.0,4,W06,W10,17.6,LOW,0.0,LOW
FAB_013,Premium Poly-Blend Grade-13,W10,10,8811.32,S007,Vanguard Textiles,5000.0,56.7,14.16,70800.0,5000,0.0,4,W06,W10,23.8,LOW,0.9,MEDIUM
FAB_013,Premium Poly-Blend Grade-13,W11,11,8957.96,S001,Apex Textile Mills,3957.96,44.2,14.22,56282.19,2500,0.0,4,W07,W11,17.6,LOW,0.0,LOW
FAB_013,Premium Poly-Blend Grade-13,W11,11,8957.96,S007,Vanguard Textiles,5000.0,55.8,14.16,70800.0,5000,0.0,4,W07,W11,23.8,LOW,0.9,MEDIUM
FAB_013,Premium Poly-Blend Grade-13,W12,12,9201.32,S001,Apex Textile Mills,4201.32,45.7,14.22,59742.77,2500,0.0,4,W08,W12,17.6,LOW,0.0,LOW
FAB_013,Premium Poly-Blend Grade-13,W12,12,9201.32,S007,Vanguard Textiles,5000.0,54.3,14.16,70800.0,5000,0.0,4,W08,W12,23.8,LOW,0.9,MEDIUM
FAB_013,Premium Poly-Blend Grade-13,M04,12,9879.92,S001,Apex Textile Mills,4879.92,49.4,14.22,69392.46,2500,0.0,4,W08,W12,17.6,LOW,0.0,LOW
FAB_013,Premium Poly-Blend Grade-13,M04,12,9879.92,S007,Vanguard Textiles,5000.0,50.6,14.16,70800.0,5000,0.0,4,W08,W12,23.8,LOW,0.9,MEDIUM
FAB_013,Premium Poly-Blend Grade-13,M05,12,9755.12,S001,Apex Textile Mills,4755.12,48.7,14.22,67617.81,2500,0.0,4,W08,W12,17.6,LOW,0.0,LOW
FAB_013,Premium Poly-Blend Grade-13,M05,12,9755.12,S007,Vanguard Textiles,5000.0,51.3,14.16,70800.0,5000,0.0,4,W08,W12,23.8,LOW,0.9,MEDIUM
FAB_013,Premium Poly-Blend Grade-13,M06,12,9688.04,S001,Apex Textile Mills,4688.04,48.4,14.22,66663.93,2500,0.0,4,W08,W12,17.6,LOW,0.0,LOW
FAB_013,Premium Poly-Blend Grade-13,M06,12,9688.04,S007,Vanguard Textiles,5000.0,51.6,14.16,70800.0,5000,0.0,4,W08,W12,23.8,LOW,0.9,MEDIUM
FAB_014,Premium Wool-Blend Grade-14,W01,1,11318.34,S001,Apex Textile Mills,6318.34,55.8,18.12,114488.32,5000,0.0,4,W01,W05,17.6,LOW,0.0,LOW
FAB_014,Premium Wool-Blend Grade-14,W01,1,11318.34,S007,Vanguard Textiles,5000.0,44.2,18.36,91800.0,5000,0.0,4,W01,W05,23.8,LOW,0.9,MEDIUM
FAB_014,Premium Wool-Blend Grade-14,W02,2,19236.71,S001,Apex Textile Mills,7045.0,36.6,18.12,127655.4,5000,0.0,4,W01,W05,17.6,LOW,0.0,LOW
FAB_014,Premium Wool-Blend Grade-14,W02,2,19236.71,S002,Global Weavers Ltd,5000.0,26.0,18.55,92750.0,5000,0.0,4,W01,W05,21.2,LOW,0.0,LOW
FAB_014,Premium Wool-Blend Grade-14,W02,2,19236.71,S007,Vanguard Textiles,7191.71,37.4,18.36,132039.8,5000,0.0,4,W01,W05,23.8,LOW,0.9,MEDIUM
FAB_014,Premium Wool-Blend Grade-14,W03,3,21419.16,S001,Apex Textile Mills,9154.0,42.7,18.12,165870.48,5000,0.0,4,W01,W05,17.6,LOW,0.0,LOW
FAB_014,Premium Wool-Blend Grade-14,W03,3,21419.16,S002,Global Weavers Ltd,5000.0,23.3,18.55,92750.0,5000,0.0,4,W01,W05,21.2,LOW,0.0,LOW
FAB_014,Premium Wool-Blend Grade-14,W03,3,21419.16,S007,Vanguard Textiles,7265.16,33.9,18.36,133388.34,5000,0.0,4,W01,W05,23.8,LOW,0.9,MEDIUM
FAB_014,Premium Wool-Blend Grade-14,W04,4,21389.7,S001,Apex Textile Mills,5343.0,25.0,18.12,96815.16,5000,0.0,4,W01,W05,17.6,LOW,0.0,LOW
FAB_014,Premium Wool-Blend Grade-14,W04,4,21389.7,S002,Global Weavers Ltd,5287.7,24.7,18.55,98086.84,5000,0.0,4,W01,W05,21.2,LOW,0.0,LOW
FAB_014,Premium Wool-Blend Grade-14,W04,4,21389.7,S003,Oriental Fabric Corp,5000.0,23.4,18.67,93350.0,5000,0.0,5,W01,W06,30.8,MEDIUM,1.1,MEDIUM
FAB_014,Premium Wool-Blend Grade-14,W04,4,21389.7,S007,Vanguard Textiles,5759.0,26.9,18.36,105735.24,5000,0.0,4,W01,W05,23.8,LOW,0.9,MEDIUM
FAB_014,Premium Wool-Blend Grade-14,W05,5,20990.97,S001,Apex Textile Mills,9579.0,45.6,18.12,173571.48,5000,0.0,4,W01,W05,17.6,LOW,0.0,LOW
FAB_014,Premium Wool-Blend Grade-14,W05,5,20990.97,S002,Global Weavers Ltd,5000.0,23.8,18.55,92750.0,5000,0.0,4,W01,W05,21.2,LOW,0.0,LOW
FAB_014,Premium Wool-Blend Grade-14,W05,5,20990.97,S007,Vanguard Textiles,6411.97,30.5,18.36,117723.77,5000,0.0,4,W01,W05,23.8,LOW,0.9,MEDIUM
FAB_014,Premium Wool-Blend Grade-14,W06,6,24578.62,S001,Apex Textile Mills,8365.0,34.0,18.12,151573.8,5000,0.0,4,W02,W06,17.6,LOW,0.0,LOW
FAB_014,Premium Wool-Blend Grade-14,W06,6,24578.62,S002,Global Weavers Ltd,10132.62,41.2,18.55,187960.1,5000,0.0,4,W02,W06,21.2,LOW,0.0,LOW
FAB_014,Premium Wool-Blend Grade-14,W06,6,24578.62,S007,Vanguard Textiles,6081.0,24.7,18.36,111647.16,5000,0.0,4,W02,W06,23.8,LOW,0.9,MEDIUM
FAB_014,Premium Wool-Blend Grade-14,W07,7,19017.36,S001,Apex Textile Mills,8236.0,43.3,18.12,149236.32,5000,0.0,4,W03,W07,17.6,LOW,0.0,LOW
FAB_014,Premium Wool-Blend Grade-14,W07,7,19017.36,S002,Global Weavers Ltd,5000.0,26.3,18.55,92750.0,5000,0.0,4,W03,W07,21.2,LOW,0.0,LOW
FAB_014,Premium Wool-Blend Grade-14,W07,7,19017.36,S007,Vanguard Textiles,5781.36,30.4,18.36,106145.77,5000,0.0,4,W03,W07,23.8,LOW,0.9,MEDIUM
FAB_014,Premium Wool-Blend Grade-14,W08,8,18129.77,S001,Apex Textile Mills,13129.77,72.4,18.12,237911.43,5000,0.0,4,W04,W08,17.6,LOW,0.0,LOW
FAB_014,Premium Wool-Blend Grade-14,W08,8,18129.77,S007,Vanguard Textiles,5000.0,27.6,18.36,91800.0,5000,0.0,4,W04,W08,23.8,LOW,0.9,MEDIUM
FAB_014,Premium Wool-Blend Grade-14,W09,9,17707.39,S001,Apex Textile Mills,10178.0,57.5,18.12,184425.36,5000,0.0,4,W05,W09,17.6,LOW,0.0,LOW
FAB_014,Premium Wool-Blend Grade-14,W09,9,17707.39,S007,Vanguard Textiles,7529.39,42.5,18.36,138239.6,5000,0.0,4,W05,W09,23.8,LOW,0.9,MEDIUM
FAB_014,Premium Wool-Blend Grade-14,W10,10,18083.83,S001,Apex Textile Mills,6836.0,37.8,18.12,123868.32,5000,0.0,4,W06,W10,17.6,LOW,0.0,LOW
FAB_014,Premium Wool-Blend Grade-14,W10,10,18083.83,S002,Global Weavers Ltd,5000.0,27.6,18.55,92750.0,5000,0.0,4,W06,W10,21.2,LOW,0.0,LOW
FAB_014,Premium Wool-Blend Grade-14,W10,10,18083.83,S007,Vanguard Textiles,6247.83,34.5,18.36,114710.16,5000,0.0,4,W06,W10,23.8,LOW,0.9,MEDIUM
FAB_014,Premium Wool-Blend Grade-14,W11,11,18549.43,S001,Apex Textile Mills,7268.0,39.2,18.12,131696.16,5000,0.0,4,W07,W11,17.6,LOW,0.0,LOW
FAB_014,Premium Wool-Blend Grade-14,W11,11,18549.43,S002,Global Weavers Ltd,5000.0,27.0,18.55,92750.0,5000,0.0,4,W07,W11,21.2,LOW,0.0,LOW
FAB_014,Premium Wool-Blend Grade-14,W11,11,18549.43,S007,Vanguard Textiles,6281.43,33.9,18.36,115327.05,5000,0.0,4,W07,W11,23.8,LOW,0.9,MEDIUM
FAB_014,Premium Wool-Blend Grade-14,W12,12,19243.29,S001,Apex Textile Mills,12842.0,66.7,18.12,232697.04,5000,0.0,4,W08,W12,17.6,LOW,0.0,LOW
FAB_014,Premium Wool-Blend Grade-14,W12,12,19243.29,S007,Vanguard Textiles,6401.29,33.3,18.36,117527.68,5000,0.0,4,W08,W12,23.8,LOW,0.9,MEDIUM
FAB_014,Premium Wool-Blend Grade-14,M04,12,21532.07,S001,Apex Textile Mills,16532.07,76.8,18.12,299561.11,5000,0.0,4,W08,W12,17.6,LOW,0.0,LOW
FAB_014,Premium Wool-Blend Grade-14,M04,12,21532.07,S007,Vanguard Textiles,5000.0,23.2,18.36,91800.0,5000,0.0,4,W08,W12,23.8,LOW,0.9,MEDIUM
FAB_014,Premium Wool-Blend Grade-14,M05,12,21038.46,S001,Apex Textile Mills,16038.46,76.2,18.12,290616.9,5000,0.0,4,W08,W12,17.6,LOW,0.0,LOW
FAB_014,Premium Wool-Blend Grade-14,M05,12,21038.46,S007,Vanguard Textiles,5000.0,23.8,18.36,91800.0,5000,0.0,4,W08,W12,23.8,LOW,0.9,MEDIUM
FAB_014,Premium Wool-Blend Grade-14,M06,12,20126.33,S001,Apex Textile Mills,15126.33,75.2,18.12,274089.1,5000,0.0,4,W08,W12,17.6,LOW,0.0,LOW
FAB_014,Premium Wool-Blend Grade-14,M06,12,20126.33,S007,Vanguard Textiles,5000.0,24.8,18.36,91800.0,5000,0.0,4,W08,W12,23.8,LOW,0.9,MEDIUM
FAB_015,Premium Linen Grade-15,W07,7,398.07,S004,Budget FastTex Industries,3000.0,100.0,12.56,37680.0,3000,2601.93,7,W01,W08,44.6,MEDIUM,5.0,HIGH
FAB_015,Premium Linen Grade-15,W08,8,994.57,S004,Budget FastTex Industries,3000.0,100.0,12.56,37680.0,3000,2005.43,7,W01,W08,44.6,MEDIUM,5.0,HIGH
FAB_015,Premium Linen Grade-15,W09,9,1551.17,S004,Budget FastTex Industries,3000.0,100.0,12.56,37680.0,3000,1448.83,7,W02,W09,44.6,MEDIUM,5.0,HIGH
FAB_015,Premium Linen Grade-15,W10,10,2151.67,S004,Budget FastTex Industries,3000.0,100.0,12.56,37680.0,3000,848.33,7,W03,W10,44.6,MEDIUM,5.0,HIGH
FAB_015,Premium Linen Grade-15,W11,11,2774.11,S004,Budget FastTex Industries,3000.0,100.0,12.56,37680.0,3000,225.89,7,W04,W11,44.6,MEDIUM,5.0,HIGH
FAB_015,Premium Linen Grade-15,W12,12,3430.47,S004,Budget FastTex Industries,3430.47,100.0,12.56,43086.7,3000,0.0,7,W05,W12,44.6,MEDIUM,5.0,HIGH
FAB_015,Premium Linen Grade-15,M04,12,4220.49,S004,Budget FastTex Industries,4220.49,100.0,12.56,53009.35,3000,0.0,7,W05,W12,44.6,MEDIUM,5.0,HIGH
FAB_015,Premium Linen Grade-15,M05,12,4958.64,S001,Apex Textile Mills,5000.0,100.0,13.71,68550.0,5000,41.36,4,W08,W12,17.6,LOW,0.0,LOW
FAB_015,Premium Linen Grade-15,M06,12,5676.84,S004,Budget FastTex Industries,5676.84,100.0,12.56,71301.11,3000,0.0,7,W05,W12,44.6,MEDIUM,5.0,HIGH
FAB_016,Premium Poly-Blend Grade-16,W01,1,4305.34,S004,Budget FastTex Industries,4305.34,100.0,7.92,34098.29,2500,0.0,7,W01,W08,44.6,MEDIUM,5.0,HIGH
FAB_016,Premium Poly-Blend Grade-16,W02,2,8701.87,S002,Global Weavers Ltd,4000.0,46.0,8.25,33000.0,4000,0.0,4,W01,W05,21.2,LOW,0.0,LOW
FAB_016,Premium Poly-Blend Grade-16,W02,2,8701.87,S005,EuroKnit Premium,4701.87,54.0,8.86,41658.57,3000,0.0,3,W01,W04,11.5,LOW,0.0,LOW
FAB_016,Premium Poly-Blend Grade-16,W03,3,9574.25,S002,Global Weavers Ltd,4000.0,41.8,8.25,33000.0,4000,0.0,4,W01,W05,21.2,LOW,0.0,LOW
FAB_016,Premium Poly-Blend Grade-16,W03,3,9574.25,S005,EuroKnit Premium,5574.25,58.2,8.86,49387.85,3000,0.0,3,W01,W04,11.5,LOW,0.0,LOW
FAB_016,Premium Poly-Blend Grade-16,W04,4,9524.37,S002,Global Weavers Ltd,4000.0,42.0,8.25,33000.0,4000,0.0,4,W01,W05,21.2,LOW,0.0,LOW
FAB_016,Premium Poly-Blend Grade-16,W04,4,9524.37,S005,EuroKnit Premium,5524.37,58.0,8.86,48945.92,3000,0.0,3,W01,W04,11.5,LOW,0.0,LOW
FAB_016,Premium Poly-Blend Grade-16,W05,5,9223.13,S001,Apex Textile Mills,4000.0,43.4,8.37,33480.0,4000,0.0,4,W01,W05,17.6,LOW,0.0,LOW
FAB_016,Premium Poly-Blend Grade-16,W05,5,9223.13,S002,Global Weavers Ltd,5223.13,56.6,8.25,43090.82,4000,0.0,4,W01,W05,21.2,LOW,0.0,LOW
FAB_016,Premium Poly-Blend Grade-16,W06,6,8676.5,S001,Apex Textile Mills,4000.0,46.1,8.37,33480.0,4000,0.0,4,W02,W06,17.6,LOW,0.0,LOW
FAB_016,Premium Poly-Blend Grade-16,W06,6,8676.5,S002,Global Weavers Ltd,4676.5,53.9,8.25,38581.12,4000,0.0,4,W02,W06,21.2,LOW,0.0,LOW
FAB_016,Premium Poly-Blend Grade-16,W07,7,8221.63,S001,Apex Textile Mills,4000.0,48.7,8.37,33480.0,4000,0.0,4,W03,W07,17.6,LOW,0.0,LOW
FAB_016,Premium Poly-Blend Grade-16,W07,7,8221.63,S002,Global Weavers Ltd,4221.63,51.3,8.25,34828.45,4000,0.0,4,W03,W07,21.2,LOW,0.0,LOW
FAB_016,Premium Poly-Blend Grade-16,W08,8,8012.17,S001,Apex Textile Mills,4000.0,49.9,8.37,33480.0,4000,0.0,4,W04,W08,17.6,LOW,0.0,LOW
FAB_016,Premium Poly-Blend Grade-16,W08,8,8012.17,S002,Global Weavers Ltd,4012.17,50.1,8.25,33100.4,4000,0.0,4,W04,W08,21.2,LOW,0.0,LOW
FAB_016,Premium Poly-Blend Grade-16,W09,9,7826.63,S002,Global Weavers Ltd,4826.63,61.7,8.25,39819.7,4000,0.0,4,W05,W09,21.2,LOW,0.0,LOW
FAB_016,Premium Poly-Blend Grade-16,W09,9,7826.63,S005,EuroKnit Premium,3000.0,38.3,8.86,26580.0,3000,0.0,3,W06,W09,11.5,LOW,0.0,LOW
FAB_016,Premium Poly-Blend Grade-16,W10,10,7884.47,S002,Global Weavers Ltd,4884.47,62.0,8.25,40296.88,4000,0.0,4,W06,W10,21.2,LOW,0.0,LOW
FAB_016,Premium Poly-Blend Grade-16,W10,10,7884.47,S005,EuroKnit Premium,3000.0,38.0,8.86,26580.0,3000,0.0,3,W07,W10,11.5,LOW,0.0,LOW
FAB_016,Premium Poly-Blend Grade-16,W11,11,8022.14,S001,Apex Textile Mills,4000.0,49.9,8.37,33480.0,4000,0.0,4,W07,W11,17.6,LOW,0.0,LOW
FAB_016,Premium Poly-Blend Grade-16,W11,11,8022.14,S002,Global Weavers Ltd,4022.14,50.1,8.25,33182.65,4000,0.0,4,W07,W11,21.2,LOW,0.0,LOW
FAB_016,Premium Poly-Blend Grade-16,W12,12,8311.42,S001,Apex Textile Mills,4000.0,48.1,8.37,33480.0,4000,0.0,4,W08,W12,17.6,LOW,0.0,LOW
FAB_016,Premium Poly-Blend Grade-16,W12,12,8311.42,S002,Global Weavers Ltd,4311.42,51.9,8.25,35569.22,4000,0.0,4,W08,W12,21.2,LOW,0.0,LOW
FAB_016,Premium Poly-Blend Grade-16,M04,12,9596.2,S001,Apex Textile Mills,4000.0,41.7,8.37,33480.0,4000,0.0,4,W08,W12,17.6,LOW,0.0,LOW
FAB_016,Premium Poly-Blend Grade-16,M04,12,9596.2,S002,Global Weavers Ltd,5596.2,58.3,8.25,46168.65,4000,0.0,4,W08,W12,21.2,LOW,0.0,LOW
FAB_016,Premium Poly-Blend Grade-16,M05,12,9386.7,S001,Apex Textile Mills,4000.0,42.6,8.37,33480.0,4000,0.0,4,W08,W12,17.6,LOW,0.0,LOW
FAB_016,Premium Poly-Blend Grade-16,M05,12,9386.7,S002,Global Weavers Ltd,5386.7,57.4,8.25,44440.28,4000,0.0,4,W08,W12,21.2,LOW,0.0,LOW
FAB_016,Premium Poly-Blend Grade-16,M06,12,9107.43,S001,Apex Textile Mills,4000.0,43.9,8.37,33480.0,4000,0.0,4,W08,W12,17.6,LOW,0.0,LOW
FAB_016,Premium Poly-Blend Grade-16,M06,12,9107.43,S002,Global Weavers Ltd,5107.43,56.1,8.25,42136.3,4000,0.0,4,W08,W12,21.2,LOW,0.0,LOW
FAB_017,Premium Cotton Grade-17,W01,1,4847.01,S002,Global Weavers Ltd,5000.0,100.0,19.49,97450.0,5000,152.99,4,W01,W05,21.2,LOW,0.0,LOW
FAB_017,Premium Cotton Grade-17,W02,2,8237.24,S001,Apex Textile Mills,4000.0,48.6,19.32,77280.0,4000,0.0,4,W01,W05,17.6,LOW,0.0,LOW
FAB_017,Premium Cotton Grade-17,W02,2,8237.24,S005,EuroKnit Premium,4237.24,51.4,20.83,88261.71,2500,0.0,3,W01,W04,11.5,LOW,0.0,LOW
FAB_017,Premium Cotton Grade-17,W03,3,8866.31,S001,Apex Textile Mills,4000.0,45.1,19.32,77280.0,4000,0.0,4,W01,W05,17.6,LOW,0.0,LOW
FAB_017,Premium Cotton Grade-17,W03,3,8866.31,S005,EuroKnit Premium,4866.31,54.9,20.83,101365.24,2500,0.0,3,W01,W04,11.5,LOW,0.0,LOW
FAB_017,Premium Cotton Grade-17,W04,4,8798.47,S001,Apex Textile Mills,4000.0,45.5,19.32,77280.0,4000,0.0,4,W01,W05,17.6,LOW,0.0,LOW
FAB_017,Premium Cotton Grade-17,W04,4,8798.47,S005,EuroKnit Premium,4798.47,54.5,20.83,99952.13,2500,0.0,3,W01,W04,11.5,LOW,0.0,LOW
FAB_017,Premium Cotton Grade-17,W05,5,8495.23,S001,Apex Textile Mills,5995.23,70.6,19.32,115827.84,4000,0.0,4,W01,W05,17.6,LOW,0.0,LOW
FAB_017,Premium Cotton Grade-17,W05,5,8495.23,S005,EuroKnit Premium,2500.0,29.4,20.83,52075.0,2500,0.0,3,W02,W05,11.5,LOW,0.0,LOW
FAB_017,Premium Cotton Grade-17,W06,6,8166.06,S001,Apex Textile Mills,5666.06,69.4,19.32,109468.28,4000,0.0,4,W02,W06,17.6,LOW,0.0,LOW
FAB_017,Premium Cotton Grade-17,W06,6,8166.06,S005,EuroKnit Premium,2500.0,30.6,20.83,52075.0,2500,0.0,3,W03,W06,11.5,LOW,0.0,LOW
FAB_017,Premium Cotton Grade-17,W07,7,7741.13,S001,Apex Textile Mills,5241.13,67.7,19.32,101258.63,4000,0.0,4,W03,W07,17.6,LOW,0.0,LOW
FAB_017,Premium Cotton Grade-17,W07,7,7741.13,S005,EuroKnit Premium,2500.0,32.3,20.83,52075.0,2500,0.0,3,W04,W07,11.5,LOW,0.0,LOW
FAB_017,Premium Cotton Grade-17,W08,8,7483.76,S001,Apex Textile Mills,4983.76,66.6,19.32,96286.24,4000,0.0,4,W04,W08,17.6,LOW,0.0,LOW
FAB_017,Premium Cotton Grade-17,W08,8,7483.76,S005,EuroKnit Premium,2500.0,33.4,20.83,52075.0,2500,0.0,3,W05,W08,11.5,LOW,0.0,LOW
FAB_017,Premium Cotton Grade-17,W09,9,7320.17,S001,Apex Textile Mills,4820.17,65.8,19.32,93125.68,4000,0.0,4,W05,W09,17.6,LOW,0.0,LOW
FAB_017,Premium Cotton Grade-17,W09,9,7320.17,S005,EuroKnit Premium,2500.0,34.2,20.83,52075.0,2500,0.0,3,W06,W09,11.5,LOW,0.0,LOW
FAB_017,Premium Cotton Grade-17,W10,10,7222.42,S001,Apex Textile Mills,4722.42,65.4,19.32,91237.15,4000,0.0,4,W06,W10,17.6,LOW,0.0,LOW
FAB_017,Premium Cotton Grade-17,W10,10,7222.42,S005,EuroKnit Premium,2500.0,34.6,20.83,52075.0,2500,0.0,3,W07,W10,11.5,LOW,0.0,LOW
FAB_017,Premium Cotton Grade-17,W11,11,7497.73,S001,Apex Textile Mills,4816.0,64.2,19.32,93045.12,4000,0.0,4,W07,W11,17.6,LOW,0.0,LOW
FAB_017,Premium Cotton Grade-17,W11,11,7497.73,S005,EuroKnit Premium,2681.73,35.8,20.83,55860.44,2500,0.0,3,W08,W11,11.5,LOW,0.0,LOW
FAB_017,Premium Cotton Grade-17,W12,12,7944.62,S001,Apex Textile Mills,5444.62,68.5,19.32,105190.06,4000,0.0,4,W08,W12,17.6,LOW,0.0,LOW
FAB_017,Premium Cotton Grade-17,W12,12,7944.62,S005,EuroKnit Premium,2500.0,31.5,20.83,52075.0,2500,0.0,3,W09,W12,11.5,LOW,0.0,LOW
FAB_017,Premium Cotton Grade-17,M04,12,8686.75,S001,Apex Textile Mills,6186.75,71.2,19.32,119528.01,4000,0.0,4,W08,W12,17.6,LOW,0.0,LOW
FAB_017,Premium Cotton Grade-17,M04,12,8686.75,S005,EuroKnit Premium,2500.0,28.8,20.83,52075.0,2500,0.0,3,W09,W12,11.5,LOW,0.0,LOW
FAB_017,Premium Cotton Grade-17,M05,12,8740.62,S001,Apex Textile Mills,6240.62,71.4,19.32,120568.78,4000,0.0,4,W08,W12,17.6,LOW,0.0,LOW
FAB_017,Premium Cotton Grade-17,M05,12,8740.62,S005,EuroKnit Premium,2500.0,28.6,20.83,52075.0,2500,0.0,3,W09,W12,11.5,LOW,0.0,LOW
FAB_017,Premium Cotton Grade-17,M06,12,8551.09,S001,Apex Textile Mills,6051.09,70.8,19.32,116907.06,4000,0.0,4,W08,W12,17.6,LOW,0.0,LOW
FAB_017,Premium Cotton Grade-17,M06,12,8551.09,S005,EuroKnit Premium,2500.0,29.2,20.83,52075.0,2500,0.0,3,W09,W12,11.5,LOW,0.0,LOW
FAB_018,Premium Poly-Blend Grade-18,W01,1,731.85,S003,Oriental Fabric Corp,2500.0,100.0,14.81,37025.0,2500,1768.15,5,W01,W06,30.8,MEDIUM,1.1,MEDIUM
FAB_018,Premium Poly-Blend Grade-18,W02,2,2706.63,S004,Budget FastTex Industries,3000.0,100.0,13.89,41670.0,3000,293.37,7,W01,W08,44.6,MEDIUM,5.0,HIGH
FAB_018,Premium Poly-Blend Grade-18,W03,3,5302.66,S003,Oriental Fabric Corp,2500.0,45.5,14.81,37025.0,2500,0.0,5,W01,W06,30.8,MEDIUM,1.1,MEDIUM
FAB_018,Premium Poly-Blend Grade-18,W03,3,5302.66,S004,Budget FastTex Industries,3000.0,54.5,13.89,41670.0,3000,0.0,7,W01,W08,44.6,MEDIUM,5.0,HIGH
FAB_018,Premium Poly-Blend Grade-18,W04,4,5302.66,S003,Oriental Fabric Corp,2500.0,45.5,14.81,37025.0,2500,0.0,5,W01,W06,30.8,MEDIUM,1.1,MEDIUM
FAB_018,Premium Poly-Blend Grade-18,W04,4,5302.66,S004,Budget FastTex Industries,3000.0,54.5,13.89,41670.0,3000,0.0,7,W01,W08,44.6,MEDIUM,5.0,HIGH
FAB_018,Premium Poly-Blend Grade-18,W05,5,5238.6,S003,Oriental Fabric Corp,2500.0,45.5,14.81,37025.0,2500,0.0,5,W01,W06,30.8,MEDIUM,1.1,MEDIUM
FAB_018,Premium Poly-Blend Grade-18,W05,5,5238.6,S004,Budget FastTex Industries,3000.0,54.5,13.89,41670.0,3000,0.0,7,W01,W08,44.6,MEDIUM,5.0,HIGH
FAB_018,Premium Poly-Blend Grade-18,W06,6,5028.1,S004,Budget FastTex Industries,5028.1,100.0,13.89,69840.31,3000,0.0,7,W01,W08,44.6,MEDIUM,5.0,HIGH
FAB_018,Premium Poly-Blend Grade-18,W07,7,4840.48,S002,Global Weavers Ltd,5000.0,100.0,15.14,75700.0,5000,159.52,4,W03,W07,21.2,LOW,0.0,LOW
FAB_018,Premium Poly-Blend Grade-18,W08,8,4769.56,S004,Budget FastTex Industries,4769.56,100.0,13.89,66249.19,3000,0.0,7,W01,W08,44.6,MEDIUM,5.0,HIGH
FAB_018,Premium Poly-Blend Grade-18,W09,9,4657.44,S004,Budget FastTex Industries,4657.44,100.0,13.89,64691.84,3000,0.0,7,W02,W09,44.6,MEDIUM,5.0,HIGH
FAB_018,Premium Poly-Blend Grade-18,W10,10,4668.88,S004,Budget FastTex Industries,4668.88,100.0,13.89,64850.74,3000,0.0,7,W03,W10,44.6,MEDIUM,5.0,HIGH
FAB_018,Premium Poly-Blend Grade-18,W11,11,4744.38,S004,Budget FastTex Industries,4744.38,100.0,13.89,65899.44,3000,0.0,7,W04,W11,44.6,MEDIUM,5.0,HIGH
FAB_018,Premium Poly-Blend Grade-18,W12,12,4934.28,S002,Global Weavers Ltd,5000.0,100.0,15.14,75700.0,5000,65.72,4,W08,W12,21.2,LOW,0.0,LOW
FAB_018,Premium Poly-Blend Grade-18,M04,12,5362.15,S004,Budget FastTex Industries,5362.15,100.0,13.89,74480.26,3000,0.0,7,W05,W12,44.6,MEDIUM,5.0,HIGH
FAB_018,Premium Poly-Blend Grade-18,M05,12,5325.54,S004,Budget FastTex Industries,5325.54,100.0,13.89,73971.75,3000,0.0,7,W05,W12,44.6,MEDIUM,5.0,HIGH
FAB_018,Premium Poly-Blend Grade-18,M06,12,5151.65,S004,Budget FastTex Industries,5151.65,100.0,13.89,71556.42,3000,0.0,7,W05,W12,44.6,MEDIUM,5.0,HIGH
FAB_019,Premium Wool Grade-19,W01,1,6553.95,S004,Budget FastTex Industries,2621.58,40.0,19.62,51435.4,2500,0.0,7,W01,W08,44.6,MEDIUM,5.0,HIGH
FAB_019,Premium Wool Grade-19,W01,1,6553.95,S007,Vanguard Textiles,3932.37,60.0,21.96,86354.85,2500,0.0,4,W01,W05,23.8,LOW,0.9,MEDIUM
FAB_019,Premium Wool Grade-19,W02,2,12987.69,S001,Apex Textile Mills,7987.69,61.5,21.61,172613.98,5000,0.0,4,W01,W05,17.6,LOW,0.0,LOW
FAB_019,Premium Wool Grade-19,W02,2,12987.69,S002,Global Weavers Ltd,5000.0,38.5,21.69,108450.0,5000,0.0,4,W01,W05,21.2,LOW,0.0,LOW
FAB_019,Premium Wool Grade-19,W03,3,14547.67,S001,Apex Textile Mills,8090.0,55.6,21.61,174824.9,5000,0.0,4,W01,W05,17.6,LOW,0.0,LOW
FAB_019,Premium Wool Grade-19,W03,3,14547.67,S002,Global Weavers Ltd,6457.67,44.4,21.69,140066.86,5000,0.0,4,W01,W05,21.2,LOW,0.0,LOW
FAB_019,Premium Wool Grade-19,W04,4,14188.45,S001,Apex Textile Mills,9188.45,64.8,21.61,198562.4,5000,0.0,4,W01,W05,17.6,LOW,0.0,LOW
FAB_019,Premium Wool Grade-19,W04,4,14188.45,S002,Global Weavers Ltd,5000.0,35.2,21.69,108450.0,5000,0.0,4,W01,W05,21.2,LOW,0.0,LOW
FAB_019,Premium Wool Grade-19,W05,5,14243.37,S001,Apex Textile Mills,7657.0,53.8,21.61,165467.77,5000,0.0,4,W01,W05,17.6,LOW,0.0,LOW
FAB_019,Premium Wool Grade-19,W05,5,14243.37,S002,Global Weavers Ltd,6586.37,46.2,21.69,142858.37,5000,0.0,4,W01,W05,21.2,LOW,0.0,LOW
FAB_019,Premium Wool Grade-19,W06,6,13351.05,S001,Apex Textile Mills,8351.05,62.5,21.61,180466.19,5000,0.0,4,W02,W06,17.6,LOW,0.0,LOW
FAB_019,Premium Wool Grade-19,W06,6,13351.05,S002,Global Weavers Ltd,5000.0,37.5,21.69,108450.0,5000,0.0,4,W02,W06,21.2,LOW,0.0,LOW
FAB_019,Premium Wool Grade-19,W07,7,12742.45,S001,Apex Textile Mills,6769.0,53.1,21.61,146278.09,5000,0.0,4,W03,W07,17.6,LOW,0.0,LOW
FAB_019,Premium Wool Grade-19,W07,7,12742.45,S002,Global Weavers Ltd,5973.45,46.9,21.69,129564.13,5000,0.0,4,W03,W07,21.2,LOW,0.0,LOW
FAB_019,Premium Wool Grade-19,W08,8,11971.39,S001,Apex Textile Mills,5000.0,41.8,21.61,108050.0,5000,0.0,4,W04,W08,17.6,LOW,0.0,LOW
FAB_019,Premium Wool Grade-19,W08,8,11971.39,S004,Budget FastTex Industries,6971.39,58.2,19.62,136778.67,2500,0.0,7,W01,W08,44.6,MEDIUM,5.0,HIGH
FAB_019,Premium Wool Grade-19,W09,9,11811.22,S001,Apex Textile Mills,5000.0,42.3,21.61,108050.0,5000,0.0,4,W05,W09,17.6,LOW,0.0,LOW
FAB_019,Premium Wool Grade-19,W09,9,11811.22,S004,Budget FastTex Industries,6811.22,57.7,19.62,133636.14,2500,0.0,7,W02,W09,44.6,MEDIUM,5.0,HIGH
FAB_019,Premium Wool Grade-19,W10,10,11802.07,S001,Apex Textile Mills,5029.07,42.6,21.61,108678.2,5000,0.0,4,W06,W10,17.6,LOW,0.0,LOW
FAB_019,Premium Wool Grade-19,W10,10,11802.07,S004,Budget FastTex Industries,6773.0,57.4,19.62,132886.26,2500,0.0,7,W03,W10,44.6,MEDIUM,5.0,HIGH
FAB_019,Premium Wool Grade-19,W11,11,12392.38,S001,Apex Textile Mills,5000.0,40.3,21.61,108050.0,5000,0.0,4,W07,W11,17.6,LOW,0.0,LOW
FAB_019,Premium Wool Grade-19,W11,11,12392.38,S004,Budget FastTex Industries,7392.38,59.7,19.62,145038.5,2500,0.0,7,W04,W11,44.6,MEDIUM,5.0,HIGH
FAB_019,Premium Wool Grade-19,W12,12,12774.47,S001,Apex Textile Mills,5323.47,41.7,21.61,115040.19,5000,0.0,4,W08,W12,17.6,LOW,0.0,LOW
FAB_019,Premium Wool Grade-19,W12,12,12774.47,S004,Budget FastTex Industries,7451.0,58.3,19.62,146188.62,2500,0.0,7,W05,W12,44.6,MEDIUM,5.0,HIGH
FAB_019,Premium Wool Grade-19,M04,12,14442.43,S004,Budget FastTex Industries,14442.43,100.0,19.62,283360.48,2500,0.0,7,W05,W12,44.6,MEDIUM,5.0,HIGH
FAB_019,Premium Wool Grade-19,M05,12,14254.8,S004,Budget FastTex Industries,14254.8,100.0,19.62,279679.18,2500,0.0,7,W05,W12,44.6,MEDIUM,5.0,HIGH
FAB_019,Premium Wool Grade-19,M06,12,13602.74,S004,Budget FastTex Industries,13602.74,100.0,19.62,266885.76,2500,0.0,7,W05,W12,44.6,MEDIUM,5.0,HIGH
FAB_020,Premium Denim Grade-20,W02,2,1086.31,S002,Global Weavers Ltd,3000.0,100.0,12.93,38790.0,3000,1913.69,4,W01,W05,21.2,LOW,0.0,LOW
FAB_020,Premium Denim Grade-20,W03,3,2978.49,S002,Global Weavers Ltd,3000.0,100.0,12.93,38790.0,3000,21.51,4,W01,W05,21.2,LOW,0.0,LOW
FAB_020,Premium Denim Grade-20,W04,4,4852.36,S005,EuroKnit Premium,5000.0,100.0,14.31,71550.0,5000,147.64,3,W01,W04,11.5,LOW,0.0,LOW
FAB_020,Premium Denim Grade-20,W05,5,4888.74,S007,Vanguard Textiles,5000.0,100.0,12.83,64150.0,5000,111.26,4,W01,W05,23.8,LOW,0.9,MEDIUM
FAB_020,Premium Denim Grade-20,W06,6,4799.5,S007,Vanguard Textiles,5000.0,100.0,12.83,64150.0,5000,200.5,4,W02,W06,23.8,LOW,0.9,MEDIUM
FAB_020,Premium Denim Grade-20,W07,7,4646.21,S007,Vanguard Textiles,5000.0,100.0,12.83,64150.0,5000,353.79,4,W03,W07,23.8,LOW,0.9,MEDIUM
FAB_020,Premium Denim Grade-20,W08,8,4447.15,S004,Budget FastTex Industries,4447.15,100.0,12.22,54344.17,4000,0.0,7,W01,W08,44.6,MEDIUM,5.0,HIGH
FAB_020,Premium Denim Grade-20,W09,9,4447.15,S004,Budget FastTex Industries,4447.15,100.0,12.22,54344.17,4000,0.0,7,W02,W09,44.6,MEDIUM,5.0,HIGH
FAB_020,Premium Denim Grade-20,W10,10,4490.62,S004,Budget FastTex Industries,4490.62,100.0,12.22,54875.38,4000,0.0,7,W03,W10,44.6,MEDIUM,5.0,HIGH
FAB_020,Premium Denim Grade-20,W11,11,4561.55,S004,Budget FastTex Industries,4561.55,100.0,12.22,55742.14,4000,0.0,7,W04,W11,44.6,MEDIUM,5.0,HIGH
FAB_020,Premium Denim Grade-20,W12,12,4698.83,S004,Budget FastTex Industries,4698.83,100.0,12.22,57419.7,4000,0.0,7,W05,W12,44.6,MEDIUM,5.0,HIGH
FAB_020,Premium Denim Grade-20,M04,12,4943.65,S007,Vanguard Textiles,5000.0,100.0,12.83,64150.0,5000,56.35,4,W08,W12,23.8,LOW,0.9,MEDIUM
FAB_020,Premium Denim Grade-20,M05,12,4865.86,S004,Budget FastTex Industries,4865.86,100.0,12.22,59460.81,4000,0.0,7,W05,W12,44.6,MEDIUM,5.0,HIGH
FAB_020,Premium Denim Grade-20,M06,12,4836.11,S004,Budget FastTex Industries,4836.11,100.0,12.22,59097.26,4000,0.0,7,W05,W12,44.6,MEDIUM,5.0,HIGH
FAB_022,Premium Silk Grade-22,W02,2,94.8,S002,Global Weavers Ltd,2500.0,100.0,22.31,55775.0,2500,2405.2,4,W01,W05,21.2,LOW,0.0,LOW
FAB_022,Premium Silk Grade-22,W03,3,2468.33,S002,Global Weavers Ltd,2500.0,100.0,22.31,55775.0,2500,31.67,4,W01,W05,21.2,LOW,0.0,LOW
FAB_022,Premium Silk Grade-22,W04,4,4712.09,S001,Apex Textile Mills,3000.0,54.5,23.1,69300.0,3000,0.0,4,W01,W05,17.6,LOW,0.0,LOW
FAB_022,Premium Silk Grade-22,W04,4,4712.09,S002,Global Weavers Ltd,2500.0,45.5,22.31,55775.0,2500,0.0,4,W01,W05,21.2,LOW,0.0,LOW
FAB_022,Premium Silk Grade-22,W05,5,6973.15,S001,Apex Textile Mills,3000.0,43.0,23.1,69300.0,3000,0.0,4,W01,W05,17.6,LOW,0.0,LOW
FAB_022,Premium Silk Grade-22,W05,5,6973.15,S002,Global Weavers Ltd,3973.15,57.0,22.31,88640.98,2500,0.0,4,W01,W05,21.2,LOW,0.0,LOW
FAB_022,Premium Silk Grade-22,W06,6,6875.72,S001,Apex Textile Mills,3000.0,43.6,23.1,69300.0,3000,0.0,4,W02,W06,17.6,LOW,0.0,LOW
FAB_022,Premium Silk Grade-22,W06,6,6875.72,S002,Global Weavers Ltd,3875.72,56.4,22.31,86467.31,2500,0.0,4,W02,W06,21.2,LOW,0.0,LOW
FAB_022,Premium Silk Grade-22,W07,7,6633.46,S001,Apex Textile Mills,3000.0,45.2,23.1,69300.0,3000,0.0,4,W03,W07,17.6,LOW,0.0,LOW
FAB_022,Premium Silk Grade-22,W07,7,6633.46,S002,Global Weavers Ltd,3633.46,54.8,22.31,81062.49,2500,0.0,4,W03,W07,21.2,LOW,0.0,LOW
FAB_022,Premium Silk Grade-22,W08,8,6583.0,S001,Apex Textile Mills,3000.0,45.6,23.1,69300.0,3000,0.0,4,W04,W08,17.6,LOW,0.0,LOW
FAB_022,Premium Silk Grade-22,W08,8,6583.0,S002,Global Weavers Ltd,3583.0,54.4,22.31,79936.73,2500,0.0,4,W04,W08,21.2,LOW,0.0,LOW
FAB_022,Premium Silk Grade-22,W09,9,6458.98,S001,Apex Textile Mills,3000.0,46.4,23.1,69300.0,3000,0.0,4,W05,W09,17.6,LOW,0.0,LOW
FAB_022,Premium Silk Grade-22,W09,9,6458.98,S002,Global Weavers Ltd,3458.98,53.6,22.31,77169.84,2500,0.0,4,W05,W09,21.2,LOW,0.0,LOW
FAB_022,Premium Silk Grade-22,W10,10,6466.19,S001,Apex Textile Mills,3000.0,46.4,23.1,69300.0,3000,0.0,4,W06,W10,17.6,LOW,0.0,LOW
FAB_022,Premium Silk Grade-22,W10,10,6466.19,S002,Global Weavers Ltd,3466.19,53.6,22.31,77330.7,2500,0.0,4,W06,W10,21.2,LOW,0.0,LOW
FAB_022,Premium Silk Grade-22,W11,11,6542.61,S001,Apex Textile Mills,3000.0,45.9,23.1,69300.0,3000,0.0,4,W07,W11,17.6,LOW,0.0,LOW
FAB_022,Premium Silk Grade-22,W11,11,6542.61,S002,Global Weavers Ltd,3542.61,54.1,22.31,79035.63,2500,0.0,4,W07,W11,21.2,LOW,0.0,LOW
FAB_022,Premium Silk Grade-22,W12,12,6686.81,S001,Apex Textile Mills,3000.0,44.9,23.1,69300.0,3000,0.0,4,W08,W12,17.6,LOW,0.0,LOW
FAB_022,Premium Silk Grade-22,W12,12,6686.81,S002,Global Weavers Ltd,3686.81,55.1,22.31,82252.73,2500,0.0,4,W08,W12,21.2,LOW,0.0,LOW
FAB_022,Premium Silk Grade-22,M04,12,7132.39,S001,Apex Textile Mills,3000.0,42.1,23.1,69300.0,3000,0.0,4,W08,W12,17.6,LOW,0.0,LOW
FAB_022,Premium Silk Grade-22,M04,12,7132.39,S002,Global Weavers Ltd,4132.39,57.9,22.31,92193.62,2500,0.0,4,W08,W12,21.2,LOW,0.0,LOW
FAB_022,Premium Silk Grade-22,M05,12,7053.08,S001,Apex Textile Mills,3000.0,42.5,23.1,69300.0,3000,0.0,4,W08,W12,17.6,LOW,0.0,LOW
FAB_022,Premium Silk Grade-22,M05,12,7053.08,S002,Global Weavers Ltd,4053.08,57.5,22.31,90424.21,2500,0.0,4,W08,W12,21.2,LOW,0.0,LOW
FAB_022,Premium Silk Grade-22,M06,12,6838.23,S001,Apex Textile Mills,3000.0,43.9,23.1,69300.0,3000,0.0,4,W08,W12,17.6,LOW,0.0,LOW
FAB_022,Premium Silk Grade-22,M06,12,6838.23,S002,Global Weavers Ltd,3838.23,56.1,22.31,85630.91,2500,0.0,4,W08,W12,21.2,LOW,0.0,LOW
FAB_023,Premium Silk Grade-23,W01,1,3081.35,S004,Budget FastTex Industries,4000.0,100.0,9.29,37160.0,4000,918.65,7,W01,W08,44.6,MEDIUM,5.0,HIGH
FAB_023,Premium Silk Grade-23,W02,2,6889.88,S001,Apex Textile Mills,4389.88,63.7,10.16,44601.18,3000,0.0,4,W01,W05,17.6,LOW,0.0,LOW
FAB_023,Premium Silk Grade-23,W02,2,6889.88,S002,Global Weavers Ltd,2500.0,36.3,10.29,25725.0,2500,0.0,4,W01,W05,21.2,LOW,0.0,LOW
FAB_023,Premium Silk Grade-23,W03,3,7634.92,S001,Apex Textile Mills,5134.92,67.3,10.16,52170.79,3000,0.0,4,W01,W05,17.6,LOW,0.0,LOW
FAB_023,Premium Silk Grade-23,W03,3,7634.92,S002,Global Weavers Ltd,2500.0,32.7,10.29,25725.0,2500,0.0,4,W01,W05,21.2,LOW,0.0,LOW
FAB_023,Premium Silk Grade-23,W04,4,7637.8,S001,Apex Textile Mills,5137.8,67.3,10.16,52200.05,3000,0.0,4,W01,W05,17.6,LOW,0.0,LOW
FAB_023,Premium Silk Grade-23,W04,4,7637.8,S002,Global Weavers Ltd,2500.0,32.7,10.29,25725.0,2500,0.0,4,W01,W05,21.2,LOW,0.0,LOW
FAB_023,Premium Silk Grade-23,W05,5,7508.03,S001,Apex Textile Mills,5008.03,66.7,10.16,50881.58,3000,0.0,4,W01,W05,17.6,LOW,0.0,LOW
FAB_023,Premium Silk Grade-23,W05,5,7508.03,S002,Global Weavers Ltd,2500.0,33.3,10.29,25725.0,2500,0.0,4,W01,W05,21.2,LOW,0.0,LOW
FAB_023,Premium Silk Grade-23,W06,6,7098.48,S001,Apex Textile Mills,4598.48,64.8,10.16,46720.56,3000,0.0,4,W02,W06,17.6,LOW,0.0,LOW
FAB_023,Premium Silk Grade-23,W06,6,7098.48,S002,Global Weavers Ltd,2500.0,35.2,10.29,25725.0,2500,0.0,4,W02,W06,21.2,LOW,0.0,LOW
FAB_023,Premium Silk Grade-23,W07,7,6733.65,S001,Apex Textile Mills,4233.65,62.9,10.16,43013.88,3000,0.0,4,W03,W07,17.6,LOW,0.0,LOW
FAB_023,Premium Silk Grade-23,W07,7,6733.65,S002,Global Weavers Ltd,2500.0,37.1,10.29,25725.0,2500,0.0,4,W03,W07,21.2,LOW,0.0,LOW
FAB_023,Premium Silk Grade-23,W08,8,6515.91,S004,Budget FastTex Industries,6515.91,100.0,9.29,60532.8,4000,0.0,7,W01,W08,44.6,MEDIUM,5.0,HIGH
FAB_023,Premium Silk Grade-23,W09,9,6311.16,S004,Budget FastTex Industries,6311.16,100.0,9.29,58630.68,4000,0.0,7,W02,W09,44.6,MEDIUM,5.0,HIGH
FAB_023,Premium Silk Grade-23,W10,10,6302.51,S001,Apex Textile Mills,3802.51,60.3,10.16,38633.5,3000,0.0,4,W06,W10,17.6,LOW,0.0,LOW
FAB_023,Premium Silk Grade-23,W10,10,6302.51,S002,Global Weavers Ltd,2500.0,39.7,10.29,25725.0,2500,0.0,4,W06,W10,21.2,LOW,0.0,LOW
FAB_023,Premium Silk Grade-23,W11,11,6515.93,S004,Budget FastTex Industries,6515.93,100.0,9.29,60532.99,4000,0.0,7,W04,W11,44.6,MEDIUM,5.0,HIGH
FAB_023,Premium Silk Grade-23,W12,12,6808.64,S004,Budget FastTex Industries,6808.64,100.0,9.29,63252.27,4000,0.0,7,W05,W12,44.6,MEDIUM,5.0,HIGH
FAB_023,Premium Silk Grade-23,M04,12,7686.82,S001,Apex Textile Mills,3686.82,48.0,10.16,37458.09,3000,0.0,4,W08,W12,17.6,LOW,0.0,LOW
FAB_023,Premium Silk Grade-23,M04,12,7686.82,S004,Budget FastTex Industries,4000.0,52.0,9.29,37160.0,4000,0.0,7,W05,W12,44.6,MEDIUM,5.0,HIGH
FAB_023,Premium Silk Grade-23,M05,12,7529.65,S001,Apex Textile Mills,3529.65,46.9,10.16,35861.24,3000,0.0,4,W08,W12,17.6,LOW,0.0,LOW
FAB_023,Premium Silk Grade-23,M05,12,7529.65,S004,Budget FastTex Industries,4000.0,53.1,9.29,37160.0,4000,0.0,7,W05,W12,44.6,MEDIUM,5.0,HIGH
FAB_023,Premium Silk Grade-23,M06,12,7248.44,S001,Apex Textile Mills,3248.44,44.8,10.16,33004.15,3000,0.0,4,W08,W12,17.6,LOW,0.0,LOW
FAB_023,Premium Silk Grade-23,M06,12,7248.44,S004,Budget FastTex Industries,4000.0,55.2,9.29,37160.0,4000,0.0,7,W05,W12,44.6,MEDIUM,5.0,HIGH
